[2026-08-06 23:50:37] INFO: Server is running on http://localhost:3000
[2026-08-06 23:53:16] ERROR: Error: Route '/api/auth/signup' not found.
    at notFoundMiddleware (file:///C:/Users/msnhp/OneDrive/Desktop/HabStreak/backend/Middlewares/notFound.middleware.ts:10:9)
    at Layer.handleRequest (C:\Users\msnhp\OneDrive\Desktop\HabStreak\backend\node_modules\router\lib\layer.js:152:17)
    at trimPrefix (C:\Users\msnhp\OneDrive\Desktop\HabStreak\backend\node_modules\router\index.js:342:13)
    at C:\Users\msnhp\OneDrive\Desktop\HabStreak\backend\node_modules\router\index.js:297:9
    at processParams (C:\Users\msnhp\OneDrive\Desktop\HabStreak\backend\node_modules\router\index.js:582:12)
    at next (C:\Users\msnhp\OneDrive\Desktop\HabStreak\backend\node_modules\router\index.js:291:5)
    at C:\Users\msnhp\OneDrive\Desktop\HabStreak\backend\node_modules\router\index.js:688:15
    at next (C:\Users\msnhp\OneDrive\Desktop\HabStreak\backend\node_modules\router\index.js:276:14)
    at router.handle (C:\Users\msnhp\OneDrive\Desktop\HabStreak\backend\node_modules\router\index.js:186:3)
    at router (C:\Users\msnhp\OneDrive\Desktop\HabStreak\backend\node_modules\router\index.js:60:12)
[2026-08-06 23:53:16] INFO: POST /api/auth/signup | 404 | 38 ms | IP: ::1
[2026-08-06 23:53:20] ERROR: Error: Route '/api/auth/signup' not found.
    at notFoundMiddleware (file:///C:/Users/msnhp/OneDrive/Desktop/HabStreak/backend/Middlewares/notFound.middleware.ts:10:9)
    at Layer.handleRequest (C:\Users\msnhp\OneDrive\Desktop\HabStreak\backend\node_modules\router\lib\layer.js:152:17)
    at trimPrefix (C:\Users\msnhp\OneDrive\Desktop\HabStreak\backend\node_modules\router\index.js:342:13)
    at C:\Users\msnhp\OneDrive\Desktop\HabStreak\backend\node_modules\router\index.js:297:9
    at processParams (C:\Users\msnhp\OneDrive\Desktop\HabStreak\backend\node_modules\router\index.js:582:12)
    at next (C:\Users\msnhp\OneDrive\Desktop\HabStreak\backend\node_modules\router\index.js:291:5)
    at C:\Users\msnhp\OneDrive\Desktop\HabStreak\backend\node_modules\router\index.js:688:15
    at next (C:\Users\msnhp\OneDrive\Desktop\HabStreak\backend\node_modules\router\index.js:276:14)
    at router.handle (C:\Users\msnhp\OneDrive\Desktop\HabStreak\backend\node_modules\router\index.js:186:3)
    at router (C:\Users\msnhp\OneDrive\Desktop\HabStreak\backend\node_modules\router\index.js:60:12)
[2026-08-06 23:53:20] INFO: POST /api/auth/signup | 404 | 4 ms | IP: ::1
[2026-08-06 23:53:57] ERROR: Error: Route '/api/auth/signup' not found.
    at notFoundMiddleware (file:///C:/Users/msnhp/OneDrive/Desktop/HabStreak/backend/Middlewares/notFound.middleware.ts:10:9)
    at Layer.handleRequest (C:\Users\msnhp\OneDrive\Desktop\HabStreak\backend\node_modules\router\lib\layer.js:152:17)
    at trimPrefix (C:\Users\msnhp\OneDrive\Desktop\HabStreak\backend\node_modules\router\index.js:342:13)
    at C:\Users\msnhp\OneDrive\Desktop\HabStreak\backend\node_modules\router\index.js:297:9
    at processParams (C:\Users\msnhp\OneDrive\Desktop\HabStreak\backend\node_modules\router\index.js:582:12)
    at next (C:\Users\msnhp\OneDrive\Desktop\HabStreak\backend\node_modules\router\index.js:291:5)
    at C:\Users\msnhp\OneDrive\Desktop\HabStreak\backend\node_modules\router\index.js:688:15
    at next (C:\Users\msnhp\OneDrive\Desktop\HabStreak\backend\node_modules\router\index.js:276:14)
    at router.handle (C:\Users\msnhp\OneDrive\Desktop\HabStreak\backend\node_modules\router\index.js:186:3)
    at router (C:\Users\msnhp\OneDrive\Desktop\HabStreak\backend\node_modules\router\index.js:60:12)
[2026-08-06 23:53:57] INFO: POST /api/auth/signup | 404 | 6 ms | IP: ::1
[2026-08-06 23:55:33] INFO: POST /api/auth/register | 400 | 25 ms | IP: ::1
[2026-08-06 23:57:53] INFO: POST /api/auth/register | 400 | 3 ms | IP: ::1
[2026-08-06 23:59:16] INFO: POST /api/auth/register | 400 | 3 ms | IP: ::1
[2026-08-07 00:33:42] INFO: POST /api/auth/register | 429 | 2 ms | IP: ::1
[2026-08-07 00:33:49] INFO: Server is running on http://localhost:3000
[2026-08-07 23:32:22] INFO: Server is running on http://localhost:3000
[2026-08-07 23:40:21] INFO: POST /api/auth/register | 400 | 42 ms | IP: ::1
[2026-08-07 23:47:51] INFO: POST /api/auth/register | 400 | 3 ms | IP: ::ffff:127.0.0.1
[2026-08-07 23:48:04] ERROR: PrismaClientValidationError: 
Invalid `prisma.user.create()` invocation:

{
  data: {
    username: "Sid",
    email: "si@gmail.com",
    password: "$2b$10$pFYERzDS3UGA42G3z9pue.OAWYx79O1GM62udJV8QHnmfeDeKAPJq",
    confirmPassword: "12345678",
    ~~~~~~~~~~~~~~~
    isActive: true,
    isVerified: false,
    verificationToken: "8ebff26921ef3aa4d05bd9e5a58ddfb5425880a416556b6ce17040aca9453c9c",
    verificationExpires: new Date("2026-08-08T18:18:04.464Z"),
?   id?: String,
?   createdAt?: DateTime,
?   updatedAt?: DateTime,
?   tasks?: TaskCreateNestedManyWithoutUserInput,
?   sessions?: SessionCreateNestedManyWithoutUserInput,
?   refreshTokens?: RefreshTokenCreateNestedManyWithoutUserInput
  },
  select: {
    id: true,
    username: true,
    email: true,
    createdAt: true,
    updatedAt: true
  }
}

Unknown argument `confirmPassword`. Available options are marked with ?.
    at throwValidationException (C:\Users\msnhp\OneDrive\Desktop\HabStreak\backend\node_modules\@prisma\client\src\runtime\core\errorRendering\throwValidationException.ts:45:9)
    at ei.handleRequestError (C:\Users\msnhp\OneDrive\Desktop\HabStreak\backend\node_modules\@prisma\client\src\runtime\RequestHandler.ts:202:7)
    at ei.handleAndLogRequestError (C:\Users\msnhp\OneDrive\Desktop\HabStreak\backend\node_modules\@prisma\client\src\runtime\RequestHandler.ts:174:12)
    at ei.request (C:\Users\msnhp\OneDrive\Desktop\HabStreak\backend\node_modules\@prisma\client\src\runtime\RequestHandler.ts:143:12)
    at async a (C:\Users\msnhp\OneDrive\Desktop\HabStreak\backend\node_modules\@prisma\client\src\runtime\getPrismaClient.ts:833:24)
    at async file:///C:/Users/msnhp/OneDrive/Desktop/HabStreak/backend/Controllers/auth.controller.ts:44:18
[2026-08-07 23:48:04] INFO: POST /api/auth/register | 400 | 423 ms | IP: ::ffff:127.0.0.1
[2026-08-07 23:49:24] ERROR: PrismaClientValidationError: 
Invalid `prisma.user.create()` invocation:

{
  data: {
    username: "Sid",
    email: "si@gmail.com",
    password: "$2b$10$GiCMC2lQCiu3Ojf/9.ki5.LRyXLHDTvLG0e/xu99sxzQsutqqRQF.",
    confirmPassword: "12345678",
    ~~~~~~~~~~~~~~~
    isActive: true,
    isVerified: false,
    verificationToken: "51683847bf4cc6f04f6b2e16143c2521138c42c9bb84b4a194e325ab8274d05a",
    verificationExpires: new Date("2026-08-08T18:19:24.538Z"),
?   id?: String,
?   createdAt?: DateTime,
?   updatedAt?: DateTime,
?   tasks?: TaskCreateNestedManyWithoutUserInput,
?   sessions?: SessionCreateNestedManyWithoutUserInput,
?   refreshTokens?: RefreshTokenCreateNestedManyWithoutUserInput
  },
  select: {
    id: true,
    username: true,
    email: true,
    createdAt: true,
    updatedAt: true
  }
}

Unknown argument `confirmPassword`. Available options are marked with ?.
    at throwValidationException (C:\Users\msnhp\OneDrive\Desktop\HabStreak\backend\node_modules\@prisma\client\src\runtime\core\errorRendering\throwValidationException.ts:45:9)
    at ei.handleRequestError (C:\Users\msnhp\OneDrive\Desktop\HabStreak\backend\node_modules\@prisma\client\src\runtime\RequestHandler.ts:202:7)
    at ei.handleAndLogRequestError (C:\Users\msnhp\OneDrive\Desktop\HabStreak\backend\node_modules\@prisma\client\src\runtime\RequestHandler.ts:174:12)
    at ei.request (C:\Users\msnhp\OneDrive\Desktop\HabStreak\backend\node_modules\@prisma\client\src\runtime\RequestHandler.ts:143:12)
    at async a (C:\Users\msnhp\OneDrive\Desktop\HabStreak\backend\node_modules\@prisma\client\src\runtime\getPrismaClient.ts:833:24)
    at async file:///C:/Users/msnhp/OneDrive/Desktop/HabStreak/backend/Controllers/auth.controller.ts:44:18
[2026-08-07 23:49:24] INFO: POST /api/auth/register | 400 | 117 ms | IP: ::ffff:127.0.0.1
[2026-08-07 23:49:25] INFO: POST /api/auth/register | 429 | 2 ms | IP: ::ffff:127.0.0.1
[2026-08-07 23:49:25] INFO: POST /api/auth/register | 429 | 1 ms | IP: ::ffff:127.0.0.1
[2026-08-07 23:49:26] INFO: POST /api/auth/register | 429 | 1 ms | IP: ::ffff:127.0.0.1
[2026-08-07 23:49:26] INFO: POST /api/auth/register | 429 | 1 ms | IP: ::ffff:127.0.0.1
[2026-08-07 23:49:26] INFO: POST /api/auth/register | 429 | 2 ms | IP: ::ffff:127.0.0.1
[2026-08-07 23:49:26] INFO: POST /api/auth/register | 429 | 1 ms | IP: ::ffff:127.0.0.1
[2026-08-07 23:49:26] INFO: POST /api/auth/register | 429 | 1 ms | IP: ::ffff:127.0.0.1
[2026-08-07 23:49:27] INFO: POST /api/auth/register | 429 | 2 ms | IP: ::ffff:127.0.0.1
[2026-08-07 23:49:27] INFO: POST /api/auth/register | 429 | 1 ms | IP: ::ffff:127.0.0.1
[2026-08-07 23:49:27] INFO: POST /api/auth/register | 429 | 2 ms | IP: ::ffff:127.0.0.1
[2026-08-07 23:49:27] INFO: POST /api/auth/register | 429 | 1 ms | IP: ::ffff:127.0.0.1
[2026-08-07 23:49:40] INFO: POST /api/auth/register | 429 | 1 ms | IP: ::ffff:127.0.0.1
[2026-08-07 23:49:41] INFO: POST /api/auth/register | 429 | 0 ms | IP: ::ffff:127.0.0.1
[2026-08-07 23:49:41] INFO: POST /api/auth/register | 429 | 1 ms | IP: ::ffff:127.0.0.1
[2026-08-07 23:49:52] INFO: Server is running on http://localhost:3000
[2026-08-07 23:49:53] ERROR: PrismaClientValidationError: 
Invalid `prisma.user.create()` invocation:

{
  data: {
    username: "Sid",
    email: "si@gmail.com",
    password: "$2b$10$Zye7IZy7xFVk78YmzicKguZDLFqLxJejbVaxx727EngGnCEuPybVK",
    confirmPassword: "12345678",
    ~~~~~~~~~~~~~~~
    isActive: true,
    isVerified: false,
    verificationToken: "2e63eec337f4de6686cf94e555d1479c04765edbb94400f47fcdd27b60ced331",
    verificationExpires: new Date("2026-08-08T18:19:53.095Z"),
?   id?: String,
?   createdAt?: DateTime,
?   updatedAt?: DateTime,
?   tasks?: TaskCreateNestedManyWithoutUserInput,
?   sessions?: SessionCreateNestedManyWithoutUserInput,
?   refreshTokens?: RefreshTokenCreateNestedManyWithoutUserInput
  },
  select: {
    id: true,
    username: true,
    email: true,
    createdAt: true,
    updatedAt: true
  }
}

Unknown argument `confirmPassword`. Available options are marked with ?.
    at throwValidationException (C:\Users\msnhp\OneDrive\Desktop\HabStreak\backend\node_modules\@prisma\client\src\runtime\core\errorRendering\throwValidationException.ts:45:9)
    at ei.handleRequestError (C:\Users\msnhp\OneDrive\Desktop\HabStreak\backend\node_modules\@prisma\client\src\runtime\RequestHandler.ts:202:7)
    at ei.handleAndLogRequestError (C:\Users\msnhp\OneDrive\Desktop\HabStreak\backend\node_modules\@prisma\client\src\runtime\RequestHandler.ts:174:12)
    at ei.request (C:\Users\msnhp\OneDrive\Desktop\HabStreak\backend\node_modules\@prisma\client\src\runtime\RequestHandler.ts:143:12)
    at async a (C:\Users\msnhp\OneDrive\Desktop\HabStreak\backend\node_modules\@prisma\client\src\runtime\getPrismaClient.ts:833:24)
    at async file:///C:/Users/msnhp/OneDrive/Desktop/HabStreak/backend/Controllers/auth.controller.ts:44:18
[2026-08-07 23:49:53] INFO: POST /api/auth/register | 400 | 234 ms | IP: ::ffff:127.0.0.1
[2026-08-07 23:56:17] INFO: Server is running on http://localhost:3000
[2026-08-07 23:56:47] INFO: Server is running on http://localhost:3000
[2026-08-07 23:56:51] INFO: POST /api/auth/register | 201 | 336 ms | IP: ::ffff:127.0.0.1
[2026-08-07 23:56:59] INFO: POST /api/auth/register | 400 | 9 ms | IP: ::1
[2026-08-07 23:57:06] INFO: POST /api/auth/register | 400 | 4 ms | IP: ::1
[2026-08-08 00:01:28] ERROR: Error: Please verify your email first.
    at file:///C:/Users/msnhp/OneDrive/Desktop/HabStreak/backend/Controllers/auth.controller.ts:97:15
[2026-08-08 00:01:28] INFO: POST /api/auth/login | 403 | 20 ms | IP: ::1
[2026-08-08 00:02:18] INFO: Server is running on http://localhost:3000
[2026-08-08 00:02:21] INFO: POST /api/auth/login | 200 | 395 ms | IP: ::1
[2026-08-08 00:03:05] INFO: POST /api/auth/login | 200 | 199 ms | IP: ::1
[2026-08-08 00:03:20] INFO: POST /api/auth/login | 200 | 199 ms | IP: ::1
[2026-08-08 00:03:22] INFO: POST /api/auth/login | 200 | 208 ms | IP: ::1
[2026-08-08 00:03:23] INFO: POST /api/auth/login | 429 | 23 ms | IP: ::1
[2026-08-08 00:03:23] INFO: POST /api/auth/login | 200 | 774 ms | IP: ::1
[2026-08-08 00:03:32] INFO: POST /api/auth/login | 429 | 4 ms | IP: ::1
[2026-08-08 00:22:15] INFO: POST /api/auth/login | 200 | 251 ms | IP: ::1
[2026-08-08 00:22:17] INFO: POST /api/auth/login | 200 | 189 ms | IP: ::1
[2026-08-08 00:22:18] ERROR: PrismaClientKnownRequestError: 
Invalid `prisma.refreshToken.create()` invocation:


Unique constraint failed on the fields: (`token`)
    at ei.handleRequestError (C:\Users\msnhp\OneDrive\Desktop\HabStreak\backend\node_modules\@prisma\client\src\runtime\RequestHandler.ts:228:13)
    at ei.handleAndLogRequestError (C:\Users\msnhp\OneDrive\Desktop\HabStreak\backend\node_modules\@prisma\client\src\runtime\RequestHandler.ts:174:12)
    at ei.request (C:\Users\msnhp\OneDrive\Desktop\HabStreak\backend\node_modules\@prisma\client\src\runtime\RequestHandler.ts:143:12)
    at async a (C:\Users\msnhp\OneDrive\Desktop\HabStreak\backend\node_modules\@prisma\client\src\runtime\getPrismaClient.ts:833:24)
    at async file:///C:/Users/msnhp/OneDrive/Desktop/HabStreak/backend/Controllers/auth.controller.ts:129:5
[2026-08-08 00:22:18] INFO: POST /api/auth/login | 409 | 433 ms | IP: ::1
[2026-08-08 00:22:18] INFO: POST /api/auth/login | 200 | 345 ms | IP: ::1
[2026-08-08 00:22:18] INFO: POST /api/auth/login | 429 | 2 ms | IP: ::1
[2026-08-08 00:22:18] ERROR: PrismaClientKnownRequestError: 
Invalid `prisma.refreshToken.create()` invocation:


Unique constraint failed on the fields: (`token`)
    at ei.handleRequestError (C:\Users\msnhp\OneDrive\Desktop\HabStreak\backend\node_modules\@prisma\client\src\runtime\RequestHandler.ts:228:13)
    at ei.handleAndLogRequestError (C:\Users\msnhp\OneDrive\Desktop\HabStreak\backend\node_modules\@prisma\client\src\runtime\RequestHandler.ts:174:12)
    at ei.request (C:\Users\msnhp\OneDrive\Desktop\HabStreak\backend\node_modules\@prisma\client\src\runtime\RequestHandler.ts:143:12)
    at async a (C:\Users\msnhp\OneDrive\Desktop\HabStreak\backend\node_modules\@prisma\client\src\runtime\getPrismaClient.ts:833:24)
    at async file:///C:/Users/msnhp/OneDrive/Desktop/HabStreak/backend/Controllers/auth.controller.ts:129:5
[2026-08-08 00:22:18] INFO: POST /api/auth/login | 409 | 363 ms | IP: ::1
[2026-08-08 00:24:10] INFO: POST /api/auth/login | 429 | 2 ms | IP: ::1
[2026-08-08 00:24:10] INFO: POST /api/auth/login | 429 | 1 ms | IP: ::1
[2026-08-08 00:24:11] INFO: POST /api/auth/login | 429 | 1 ms | IP: ::1
[2026-08-08 00:24:15] INFO: POST /api/auth/login | 429 | 2 ms | IP: ::1
[2026-08-08 00:24:15] INFO: POST /api/auth/login | 429 | 2 ms | IP: ::1
[2026-08-08 00:24:15] INFO: POST /api/auth/login | 429 | 6 ms | IP: ::1
[2026-08-08 00:24:16] INFO: POST /api/auth/login | 429 | 1 ms | IP: ::1
[2026-08-08 00:26:09] INFO: POST /api/auth/login | 429 | 2 ms | IP: ::1
[2026-08-08 00:26:51] INFO: POST /api/auth/login | 429 | 2 ms | IP: ::1
[2026-08-08 00:27:12] INFO: Server is running on http://localhost:3000
[2026-08-08 00:27:16] INFO: POST /api/auth/login | 200 | 293 ms | IP: ::1
[2026-08-08 00:27:18] INFO: POST /api/auth/login | 200 | 206 ms | IP: ::1
[2026-08-08 00:27:19] INFO: POST /api/auth/login | 200 | 200 ms | IP: ::1
[2026-08-08 00:27:19] ERROR: PrismaClientKnownRequestError: 
Invalid `prisma.refreshToken.create()` invocation:


Unique constraint failed on the fields: (`token`)
    at ei.handleRequestError (C:\Users\msnhp\OneDrive\Desktop\HabStreak\backend\node_modules\@prisma\client\src\runtime\RequestHandler.ts:228:13)
    at ei.handleAndLogRequestError (C:\Users\msnhp\OneDrive\Desktop\HabStreak\backend\node_modules\@prisma\client\src\runtime\RequestHandler.ts:174:12)
    at ei.request (C:\Users\msnhp\OneDrive\Desktop\HabStreak\backend\node_modules\@prisma\client\src\runtime\RequestHandler.ts:143:12)
    at async a (C:\Users\msnhp\OneDrive\Desktop\HabStreak\backend\node_modules\@prisma\client\src\runtime\getPrismaClient.ts:833:24)
    at async file:///C:/Users/msnhp/OneDrive/Desktop/HabStreak/backend/Controllers/auth.controller.ts:129:5
[2026-08-08 00:27:19] INFO: POST /api/auth/login | 409 | 309 ms | IP: ::1
[2026-08-08 00:27:20] INFO: POST /api/auth/login | 200 | 204 ms | IP: ::1
[2026-08-08 00:27:22] INFO: POST /api/auth/login | 200 | 255 ms | IP: ::1
[2026-08-08 00:27:22] ERROR: PrismaClientKnownRequestError: 
Invalid `prisma.refreshToken.create()` invocation:


Unique constraint failed on the fields: (`token`)
    at ei.handleRequestError (C:\Users\msnhp\OneDrive\Desktop\HabStreak\backend\node_modules\@prisma\client\src\runtime\RequestHandler.ts:228:13)
    at ei.handleAndLogRequestError (C:\Users\msnhp\OneDrive\Desktop\HabStreak\backend\node_modules\@prisma\client\src\runtime\RequestHandler.ts:174:12)
    at ei.request (C:\Users\msnhp\OneDrive\Desktop\HabStreak\backend\node_modules\@prisma\client\src\runtime\RequestHandler.ts:143:12)
    at async a (C:\Users\msnhp\OneDrive\Desktop\HabStreak\backend\node_modules\@prisma\client\src\runtime\getPrismaClient.ts:833:24)
    at async file:///C:/Users/msnhp/OneDrive/Desktop/HabStreak/backend/Controllers/auth.controller.ts:129:5
[2026-08-08 00:27:22] INFO: POST /api/auth/login | 409 | 245 ms | IP: ::1
[2026-08-08 00:27:23] INFO: POST /api/auth/login | 200 | 773 ms | IP: ::1
[2026-08-08 00:27:23] ERROR: PrismaClientKnownRequestError: 
Invalid `prisma.refreshToken.create()` invocation:


Unique constraint failed on the fields: (`token`)
    at ei.handleRequestError (C:\Users\msnhp\OneDrive\Desktop\HabStreak\backend\node_modules\@prisma\client\src\runtime\RequestHandler.ts:228:13)
    at ei.handleAndLogRequestError (C:\Users\msnhp\OneDrive\Desktop\HabStreak\backend\node_modules\@prisma\client\src\runtime\RequestHandler.ts:174:12)
    at ei.request (C:\Users\msnhp\OneDrive\Desktop\HabStreak\backend\node_modules\@prisma\client\src\runtime\RequestHandler.ts:143:12)
    at async a (C:\Users\msnhp\OneDrive\Desktop\HabStreak\backend\node_modules\@prisma\client\src\runtime\getPrismaClient.ts:833:24)
    at async file:///C:/Users/msnhp/OneDrive/Desktop/HabStreak/backend/Controllers/auth.controller.ts:129:5
[2026-08-08 00:27:23] INFO: POST /api/auth/login | 409 | 965 ms | IP: ::1
[2026-08-08 00:27:23] ERROR: PrismaClientKnownRequestError: 
Invalid `prisma.refreshToken.create()` invocation:


Unique constraint failed on the fields: (`token`)
    at ei.handleRequestError (C:\Users\msnhp\OneDrive\Desktop\HabStreak\backend\node_modules\@prisma\client\src\runtime\RequestHandler.ts:228:13)
    at ei.handleAndLogRequestError (C:\Users\msnhp\OneDrive\Desktop\HabStreak\backend\node_modules\@prisma\client\src\runtime\RequestHandler.ts:174:12)
    at ei.request (C:\Users\msnhp\OneDrive\Desktop\HabStreak\backend\node_modules\@prisma\client\src\runtime\RequestHandler.ts:143:12)
    at async a (C:\Users\msnhp\OneDrive\Desktop\HabStreak\backend\node_modules\@prisma\client\src\runtime\getPrismaClient.ts:833:24)
    at async file:///C:/Users/msnhp/OneDrive/Desktop/HabStreak/backend/Controllers/auth.controller.ts:129:5
[2026-08-08 00:27:23] INFO: POST /api/auth/login | 409 | 922 ms | IP: ::1
[2026-08-08 00:27:23] INFO: POST /api/auth/login | 429 | 3 ms | IP: ::1
[2026-08-08 00:27:23] INFO: POST /api/auth/login | 429 | 2 ms | IP: ::1
[2026-08-08 00:27:24] INFO: POST /api/auth/login | 429 | 2 ms | IP: ::1
[2026-08-08 00:27:24] INFO: POST /api/auth/login | 429 | 2 ms | IP: ::1
[2026-08-08 00:27:25] INFO: POST /api/auth/login | 429 | 2 ms | IP: ::1
[2026-08-08 00:27:25] INFO: POST /api/auth/login | 429 | 1 ms | IP: ::1
[2026-08-08 00:27:26] INFO: POST /api/auth/login | 429 | 3 ms | IP: ::1
[2026-08-08 00:27:27] INFO: POST /api/auth/login | 429 | 2 ms | IP: ::1
[2026-08-08 00:27:27] INFO: POST /api/auth/login | 429 | 2 ms | IP: ::1
[2026-08-08 00:27:42] INFO: POST /api/auth/login | 429 | 2 ms | IP: ::1
[2026-08-08 00:27:43] INFO: POST /api/auth/login | 429 | 2 ms | IP: ::1
[2026-08-08 00:27:43] INFO: POST /api/auth/login | 429 | 2 ms | IP: ::1
[2026-08-08 00:27:43] INFO: POST /api/auth/login | 429 | 2 ms | IP: ::1
[2026-08-08 00:27:43] INFO: POST /api/auth/login | 429 | 2 ms | IP: ::1
[2026-08-08 00:27:44] INFO: POST /api/auth/login | 429 | 1 ms | IP: ::1
[2026-08-08 00:27:44] INFO: POST /api/auth/login | 429 | 1 ms | IP: ::1
[2026-08-08 00:27:44] INFO: POST /api/auth/login | 429 | 1 ms | IP: ::1
[2026-08-08 00:27:44] INFO: POST /api/auth/login | 429 | 2 ms | IP: ::1
[2026-08-08 00:27:45] INFO: POST /api/auth/login | 429 | 1 ms | IP: ::1
[2026-08-08 00:27:45] INFO: POST /api/auth/login | 429 | 2 ms | IP: ::1
[2026-08-08 00:30:49] INFO: POST /api/auth/login | 429 | 2 ms | IP: ::1
[2026-08-08 00:31:10] INFO: POST /api/auth/login | 429 | 2 ms | IP: ::1
[2026-08-08 00:31:25] INFO: Server is running on http://localhost:3000
[2026-08-08 00:32:00] INFO: POST /api/auth/login | 200 | 292 ms | IP: ::1
[2026-08-08 00:32:01] INFO: POST /api/auth/login | 200 | 202 ms | IP: ::1
[2026-08-08 00:32:02] INFO: POST /api/auth/login | 200 | 223 ms | IP: ::1
[2026-08-08 00:32:10] INFO: Server is running on http://localhost:3000
[2026-08-08 00:32:23] INFO: POST /api/auth/login | 200 | 310 ms | IP: ::1
[2026-08-08 00:32:37] INFO: POST /api/auth/login | 200 | 198 ms | IP: ::1
[2026-08-08 00:32:46] INFO: Server is running on http://localhost:3000
[2026-08-08 00:32:47] INFO: POST /api/auth/login | 200 | 213 ms | IP: ::1
[2026-08-08 00:32:55] INFO: POST /api/auth/login | 200 | 195 ms | IP: ::1
[2026-08-08 00:32:57] INFO: POST /api/auth/login | 200 | 467 ms | IP: ::1
[2026-08-08 00:32:57] INFO: POST /api/auth/login | 200 | 578 ms | IP: ::1
[2026-08-08 00:32:57] ERROR: PrismaClientKnownRequestError: 
Invalid `prisma.refreshToken.create()` invocation:


Unique constraint failed on the fields: (`token`)
    at ei.handleRequestError (C:\Users\msnhp\OneDrive\Desktop\HabStreak\backend\node_modules\@prisma\client\src\runtime\RequestHandler.ts:228:13)
    at ei.handleAndLogRequestError (C:\Users\msnhp\OneDrive\Desktop\HabStreak\backend\node_modules\@prisma\client\src\runtime\RequestHandler.ts:174:12)
    at ei.request (C:\Users\msnhp\OneDrive\Desktop\HabStreak\backend\node_modules\@prisma\client\src\runtime\RequestHandler.ts:143:12)
    at async a (C:\Users\msnhp\OneDrive\Desktop\HabStreak\backend\node_modules\@prisma\client\src\runtime\getPrismaClient.ts:833:24)
    at async file:///C:/Users/msnhp/OneDrive/Desktop/HabStreak/backend/Controllers/auth.controller.ts:129:5
[2026-08-08 00:32:57] INFO: POST /api/auth/login | 409 | 418 ms | IP: ::1
[2026-08-08 00:32:57] ERROR: PrismaClientKnownRequestError: 
Invalid `prisma.refreshToken.create()` invocation:


Unique constraint failed on the fields: (`token`)
    at ei.handleRequestError (C:\Users\msnhp\OneDrive\Desktop\HabStreak\backend\node_modules\@prisma\client\src\runtime\RequestHandler.ts:228:13)
    at ei.handleAndLogRequestError (C:\Users\msnhp\OneDrive\Desktop\HabStreak\backend\node_modules\@prisma\client\src\runtime\RequestHandler.ts:174:12)
    at ei.request (C:\Users\msnhp\OneDrive\Desktop\HabStreak\backend\node_modules\@prisma\client\src\runtime\RequestHandler.ts:143:12)
    at async a (C:\Users\msnhp\OneDrive\Desktop\HabStreak\backend\node_modules\@prisma\client\src\runtime\getPrismaClient.ts:833:24)
    at async file:///C:/Users/msnhp/OneDrive/Desktop/HabStreak/backend/Controllers/auth.controller.ts:129:5
[2026-08-08 00:32:57] INFO: POST /api/auth/login | 409 | 753 ms | IP: ::1
[2026-08-08 00:32:57] ERROR: PrismaClientKnownRequestError: 
Invalid `prisma.refreshToken.create()` invocation:


Unique constraint failed on the fields: (`token`)
    at ei.handleRequestError (C:\Users\msnhp\OneDrive\Desktop\HabStreak\backend\node_modules\@prisma\client\src\runtime\RequestHandler.ts:228:13)
    at ei.handleAndLogRequestError (C:\Users\msnhp\OneDrive\Desktop\HabStreak\backend\node_modules\@prisma\client\src\runtime\RequestHandler.ts:174:12)
    at ei.request (C:\Users\msnhp\OneDrive\Desktop\HabStreak\backend\node_modules\@prisma\client\src\runtime\RequestHandler.ts:143:12)
    at async a (C:\Users\msnhp\OneDrive\Desktop\HabStreak\backend\node_modules\@prisma\client\src\runtime\getPrismaClient.ts:833:24)
    at async file:///C:/Users/msnhp/OneDrive/Desktop/HabStreak/backend/Controllers/auth.controller.ts:129:5
[2026-08-08 00:32:57] INFO: POST /api/auth/login | 409 | 460 ms | IP: ::1
[2026-08-08 00:33:30] INFO: POST /api/auth/login | 200 | 190 ms | IP: ::1
[2026-08-08 00:36:15] INFO: POST /api/auth/login | 200 | 187 ms | IP: ::1
[2026-08-08 00:36:26] INFO: POST /api/auth/login | 200 | 181 ms | IP: ::1
[2026-08-08 00:36:28] INFO: POST /api/auth/login | 200 | 195 ms | IP: ::1
[2026-08-08 00:36:29] INFO: POST /api/auth/login | 200 | 266 ms | IP: ::1
[2026-08-08 00:36:30] INFO: POST /api/auth/login | 200 | 208 ms | IP: ::1
[2026-08-08 00:36:31] INFO: POST /api/auth/login | 200 | 274 ms | IP: ::1
[2026-08-08 00:36:32] INFO: POST /api/auth/login | 200 | 248 ms | IP: ::1
[2026-08-08 00:36:33] INFO: POST /api/auth/login | 200 | 202 ms | IP: ::1
[2026-08-08 00:36:33] ERROR: PrismaClientKnownRequestError: 
Invalid `prisma.refreshToken.create()` invocation:


Unique constraint failed on the fields: (`token`)
    at ei.handleRequestError (C:\Users\msnhp\OneDrive\Desktop\HabStreak\backend\node_modules\@prisma\client\src\runtime\RequestHandler.ts:228:13)
    at ei.handleAndLogRequestError (C:\Users\msnhp\OneDrive\Desktop\HabStreak\backend\node_modules\@prisma\client\src\runtime\RequestHandler.ts:174:12)
    at ei.request (C:\Users\msnhp\OneDrive\Desktop\HabStreak\backend\node_modules\@prisma\client\src\runtime\RequestHandler.ts:143:12)
    at async a (C:\Users\msnhp\OneDrive\Desktop\HabStreak\backend\node_modules\@prisma\client\src\runtime\getPrismaClient.ts:833:24)
    at async file:///C:/Users/msnhp/OneDrive/Desktop/HabStreak/backend/Controllers/auth.controller.ts:129:5
[2026-08-08 00:36:33] INFO: POST /api/auth/login | 409 | 178 ms | IP: ::1
[2026-08-08 00:36:37] INFO: POST /api/auth/login | 200 | 201 ms | IP: ::1
[2026-08-08 00:36:38] INFO: POST /api/auth/login | 200 | 290 ms | IP: ::1
[2026-08-08 00:36:39] INFO: POST /api/auth/login | 200 | 284 ms | IP: ::1
[2026-08-08 00:36:39] INFO: POST /api/auth/login | 429 | 2 ms | IP: ::1
[2026-08-08 00:36:45] INFO: POST /api/auth/login | 429 | 1 ms | IP: ::1
[2026-08-08 00:36:46] INFO: POST /api/auth/login | 429 | 1 ms | IP: ::1
[2026-08-08 00:36:47] INFO: POST /api/auth/login | 429 | 1 ms | IP: ::1
[2026-08-08 00:36:47] INFO: POST /api/auth/login | 429 | 1 ms | IP: ::1
[2026-08-08 00:36:48] INFO: POST /api/auth/login | 429 | 3 ms | IP: ::1
[2026-08-08 00:36:48] INFO: POST /api/auth/login | 429 | 2 ms | IP: ::1
[2026-08-08 00:36:49] INFO: POST /api/auth/login | 429 | 2 ms | IP: ::1
[2026-08-08 00:36:49] INFO: POST /api/auth/login | 429 | 1 ms | IP: ::1
[2026-08-08 00:36:49] INFO: POST /api/auth/login | 429 | 2 ms | IP: ::1
[2026-08-08 00:36:49] INFO: POST /api/auth/login | 429 | 2 ms | IP: ::1
[2026-08-08 00:36:49] INFO: POST /api/auth/login | 429 | 2 ms | IP: ::1
[2026-08-08 00:36:50] INFO: POST /api/auth/login | 429 | 2 ms | IP: ::1
[2026-08-08 00:36:50] INFO: POST /api/auth/login | 429 | 2 ms | IP: ::1
[2026-08-08 00:36:50] INFO: POST /api/auth/login | 429 | 1 ms | IP: ::1
[2026-08-08 00:36:50] INFO: POST /api/auth/login | 429 | 2 ms | IP: ::1
[2026-08-08 00:36:50] INFO: POST /api/auth/login | 429 | 1 ms | IP: ::1
[2026-08-08 00:36:51] INFO: POST /api/auth/login | 429 | 1 ms | IP: ::1
[2026-08-08 00:36:51] INFO: POST /api/auth/login | 429 | 2 ms | IP: ::1
[2026-08-08 00:36:51] INFO: POST /api/auth/login | 429 | 1 ms | IP: ::1
[2026-08-08 00:36:51] INFO: POST /api/auth/login | 429 | 2 ms | IP: ::1
[2026-08-08 00:39:51] INFO: POST /api/auth/register | 400 | 6 ms | IP: ::1
[2026-08-08 00:43:23] INFO: POST /api/auth/register | 400 | 2 ms | IP: ::1
[2026-08-08 00:44:11] INFO: Server is running on http://localhost:3000
[2026-08-08 00:45:54] INFO: Server is running on http://localhost:3000
[2026-08-08 00:46:07] INFO: Server is running on http://localhost:3000
[2026-08-08 00:46:26] INFO: Server is running on http://localhost:3000
[2026-08-08 00:46:44] INFO: Server is running on http://localhost:3000
[2026-08-08 00:46:49] INFO: Server is running on http://localhost:3000
[2026-08-08 00:46:52] INFO: Server is running on http://localhost:3000
[2026-08-08 00:46:59] INFO: Server is running on http://localhost:3000
[2026-08-08 00:47:08] INFO: Server is running on http://localhost:3000
[2026-08-08 00:47:10] INFO: Server is running on http://localhost:3000
[2026-08-08 00:47:22] INFO: Server is running on http://localhost:3000
[2026-08-08 00:47:51] INFO: Server is running on http://localhost:3000
[2026-08-08 00:47:53] INFO: Server is running on http://localhost:3000
[2026-08-08 01:42:08] INFO: Server is running on http://localhost:3000
[2026-08-08 01:42:40] INFO: POST /api/auth/register | 400 | 24 ms | IP: ::1
[2026-08-08 01:45:47] INFO: POST /api/auth/register | 201 | 302 ms | IP: ::1
[2026-08-08 01:46:01] ERROR: Error: Email is already registered.
    at file:///C:/Users/msnhp/OneDrive/Desktop/HabStreak/backend/Controllers/auth.controller.ts:32:15
[2026-08-08 01:46:01] INFO: POST /api/auth/register | 409 | 13 ms | IP: ::1
[2026-08-08 01:47:11] ERROR: Error: Email is already registered.
    at file:///C:/Users/msnhp/OneDrive/Desktop/HabStreak/backend/Controllers/auth.controller.ts:32:15
[2026-08-08 01:47:11] INFO: POST /api/auth/register | 409 | 8 ms | IP: ::1
[2026-08-08 01:49:00] INFO: POST /api/auth/login | 200 | 238 ms | IP: ::1
[2026-08-08 01:49:40] INFO: POST /api/auth/login | 200 | 194 ms | IP: ::1
[2026-08-17 00:09:13] INFO: Server is running on http://localhost:3000
[2026-08-17 00:14:57] INFO: Server is running on http://localhost:3000
[2026-08-19 00:05:28] INFO: GET / | 200 | 7 ms | IP: ::1
[2026-08-19 00:05:28] ERROR: Error: Route '/favicon.ico' not found.
    at notFoundMiddleware (file:///C:/Users/msnhp/OneDrive/Desktop/HabStreak/backend/Middlewares/notFound.middleware.ts:10:9)
    at Layer.handleRequest (C:\Users\msnhp\OneDrive\Desktop\HabStreak\backend\node_modules\router\lib\layer.js:152:17)
    at trimPrefix (C:\Users\msnhp\OneDrive\Desktop\HabStreak\backend\node_modules\router\index.js:342:13)
    at C:\Users\msnhp\OneDrive\Desktop\HabStreak\backend\node_modules\router\index.js:297:9
    at processParams (C:\Users\msnhp\OneDrive\Desktop\HabStreak\backend\node_modules\router\index.js:582:12)
    at next (C:\Users\msnhp\OneDrive\Desktop\HabStreak\backend\node_modules\router\index.js:291:5)
    at loggerMiddleware (file:///C:/Users/msnhp/OneDrive/Desktop/HabStreak/backend/Middlewares/logger.middleware.ts:19:5)
    at Layer.handleRequest (C:\Users\msnhp\OneDrive\Desktop\HabStreak\backend\node_modules\router\lib\layer.js:152:17)
    at trimPrefix (C:\Users\msnhp\OneDrive\Desktop\HabStreak\backend\node_modules\router\index.js:342:13)
    at C:\Users\msnhp\OneDrive\Desktop\HabStreak\backend\node_modules\router\index.js:297:9
[2026-08-19 00:05:28] INFO: GET /favicon.ico | 404 | 12 ms | IP: ::1
[2026-08-19 00:06:06] INFO: POST /api/auth/login | 200 | 213 ms | IP: ::1
[2026-08-19 00:06:24] INFO: POST /api/tasks | 400 | 51 ms | IP: ::1
[2026-08-19 00:09:20] INFO: POST /api/auth/login | 200 | 96 ms | IP: ::1
[2026-08-19 00:09:36] INFO: POST /api/tasks | 400 | 14 ms | IP: ::1
[2026-08-19 01:09:05] INFO: Server is running on http://localhost:3000
[2026-08-19 01:09:28] INFO: Server is running on http://localhost:3000
[2026-08-19 04:03:39] INFO: Server is running on http://localhost:3000
[2026-08-19 04:05:20] ERROR: Error: Account created but verification email could not be sent.
    at file:///C:/Users/msnhp/OneDrive/Desktop/HabStreak/backend/Controllers/auth.controller.ts:77:15
    at processTicksAndRejections (node:internal/process/task_queues:104:5)
[2026-08-19 04:05:20] INFO: POST /api/auth/register | 500 | 629 ms | IP: ::1
[2026-08-19 04:05:34] ERROR: Error: Email is already registered.
    at file:///C:/Users/msnhp/OneDrive/Desktop/HabStreak/backend/Controllers/auth.controller.ts:33:15
[2026-08-19 04:05:34] INFO: POST /api/auth/register | 409 | 22 ms | IP: ::1
[2026-08-19 16:37:22] ERROR: Error: Account created but verification email could not be sent.
    at file:///C:/Users/msnhp/OneDrive/Desktop/HabStreak/backend/Controllers/auth.controller.ts:77:15
    at processTicksAndRejections (node:internal/process/task_queues:104:5)
[2026-08-19 16:37:22] INFO: POST /api/auth/register | 500 | 301 ms | IP: ::1
[2026-08-20 03:26:29] INFO: Server is running on http://localhost:3000
[2026-08-20 03:27:01] ERROR: Error: Token expired
    at authenticateUser (file:///C:/Users/msnhp/OneDrive/Desktop/HabStreak/backend/Middlewares/auth.middlewares.ts:99:19)
    at Layer.handleRequest (C:\Users\msnhp\OneDrive\Desktop\HabStreak\backend\node_modules\router\lib\layer.js:152:17)
    at next (C:\Users\msnhp\OneDrive\Desktop\HabStreak\backend\node_modules\router\lib\route.js:157:13)
    at file:///C:/Users/msnhp/OneDrive/Desktop/HabStreak/backend/node_modules/express-rate-limit/dist/index.mjs:1015:7
    at processTicksAndRejections (node:internal/process/task_queues:104:5)
    at async file:///C:/Users/msnhp/OneDrive/Desktop/HabStreak/backend/node_modules/express-rate-limit/dist/index.mjs:835:5
[2026-08-20 03:27:02] INFO: POST /api/auth/logout | 401 | 149 ms | IP: ::1
[2026-08-20 03:27:31] ERROR: Error: Email is already registered.
    at file:///C:/Users/msnhp/OneDrive/Desktop/HabStreak/backend/Controllers/auth.controller.ts:33:15
[2026-08-20 03:27:31] INFO: POST /api/auth/register | 409 | 713 ms | IP: ::1
[2026-08-20 03:28:01] INFO: POST /api/auth/login | 200 | 782 ms | IP: ::1
[2026-08-20 03:28:16] INFO: POST /api/tasks | 400 | 71 ms | IP: ::1
[2026-08-20 03:29:51] INFO: POST /api/tasks | 400 | 12 ms | IP: ::1
[2026-08-20 03:31:10] INFO: Server is running on http://localhost:3000
[2026-08-20 22:28:02] INFO: Server is running on http://localhost:3000
[2026-08-29 22:52:37] INFO: Server is running on http://localhost:3000
[2026-08-29 22:57:18] ERROR: PrismaClientInitializationError: 
Invalid `prisma.user.findUnique()` invocation:


Can't reach database server at `localhost:5432`

Please make sure your database server is running at `localhost:5432`.
    at ei.handleRequestError (F:\Programming\Projects\HabStreak\backend\node_modules\@prisma\client\src\runtime\RequestHandler.ts:242:13)
    at ei.handleAndLogRequestError (F:\Programming\Projects\HabStreak\backend\node_modules\@prisma\client\src\runtime\RequestHandler.ts:174:12)
    at ei.request (F:\Programming\Projects\HabStreak\backend\node_modules\@prisma\client\src\runtime\RequestHandler.ts:143:12)
    at async a (F:\Programming\Projects\HabStreak\backend\node_modules\@prisma\client\src\runtime\getPrismaClient.ts:833:24)
    at async file:///F:/Programming/Projects/HabStreak/backend/Controllers/auth.controller.ts:102:18
[2026-08-29 22:57:18] ERROR: PrismaClientInitializationError: 
Invalid `prisma.user.findUnique()` invocation:


Can't reach database server at `localhost:5432`

Please make sure your database server is running at `localhost:5432`.
    at ei.handleRequestError (F:\Programming\Projects\HabStreak\backend\node_modules\@prisma\client\src\runtime\RequestHandler.ts:242:13)
    at ei.handleAndLogRequestError (F:\Programming\Projects\HabStreak\backend\node_modules\@prisma\client\src\runtime\RequestHandler.ts:174:12)
    at ei.request (F:\Programming\Projects\HabStreak\backend\node_modules\@prisma\client\src\runtime\RequestHandler.ts:143:12)
    at async a (F:\Programming\Projects\HabStreak\backend\node_modules\@prisma\client\src\runtime\getPrismaClient.ts:833:24)
    at async file:///F:/Programming/Projects/HabStreak/backend/Controllers/auth.controller.ts:102:18
[2026-08-29 22:57:18] INFO: POST /api/auth/login | 500 | 4257 ms | IP: ::1
[2026-08-29 22:57:18] INFO: POST /api/auth/login | 500 | 4236 ms | IP: ::1
[2026-08-29 22:57:27] ERROR: PrismaClientInitializationError: 
Invalid `prisma.user.findUnique()` invocation:


Can't reach database server at `localhost:5432`

Please make sure your database server is running at `localhost:5432`.
    at ei.handleRequestError (F:\Programming\Projects\HabStreak\backend\node_modules\@prisma\client\src\runtime\RequestHandler.ts:242:13)
    at ei.handleAndLogRequestError (F:\Programming\Projects\HabStreak\backend\node_modules\@prisma\client\src\runtime\RequestHandler.ts:174:12)
    at ei.request (F:\Programming\Projects\HabStreak\backend\node_modules\@prisma\client\src\runtime\RequestHandler.ts:143:12)
    at async a (F:\Programming\Projects\HabStreak\backend\node_modules\@prisma\client\src\runtime\getPrismaClient.ts:833:24)
    at async file:///F:/Programming/Projects/HabStreak/backend/Controllers/auth.controller.ts:102:18
[2026-08-29 22:57:27] ERROR: PrismaClientInitializationError: 
Invalid `prisma.user.findUnique()` invocation:


Can't reach database server at `localhost:5432`

Please make sure your database server is running at `localhost:5432`.
    at ei.handleRequestError (F:\Programming\Projects\HabStreak\backend\node_modules\@prisma\client\src\runtime\RequestHandler.ts:242:13)
    at ei.handleAndLogRequestError (F:\Programming\Projects\HabStreak\backend\node_modules\@prisma\client\src\runtime\RequestHandler.ts:174:12)
    at ei.request (F:\Programming\Projects\HabStreak\backend\node_modules\@prisma\client\src\runtime\RequestHandler.ts:143:12)
    at async a (F:\Programming\Projects\HabStreak\backend\node_modules\@prisma\client\src\runtime\getPrismaClient.ts:833:24)
    at async file:///F:/Programming/Projects/HabStreak/backend/Controllers/auth.controller.ts:102:18
[2026-08-29 23:57:17] INFO: Server is running on http://localhost:3000
[2026-08-29 23:57:32] INFO: POST /api/auth/login | 200 | 299 ms | IP: ::1
[2026-08-30 00:06:14] INFO: POST /api/auth/logout | 200 | 151 ms | IP: ::1
[2026-08-30 00:10:08] ERROR: Error: Account created but verification email could not be sent.
    at file:///F:/Programming/Projects/HabStreak/backend/Controllers/auth.controller.ts:77:15
    at processTicksAndRejections (node:internal/process/task_queues:104:5)
[2026-08-30 00:10:08] INFO: POST /api/auth/register | 500 | 172 ms | IP: ::1
[2026-08-30 00:10:28] ERROR: Error: Email is already registered.
    at file:///F:/Programming/Projects/HabStreak/backend/Controllers/auth.controller.ts:33:15
[2026-08-30 00:10:28] INFO: POST /api/auth/register | 409 | 8 ms | IP: ::1
[2026-09-01 03:37:01] INFO: Server is running on http://localhost:3000
[2026-09-03 23:41:26] INFO: Server is running on http://localhost:3000
[2026-09-03 23:43:39] INFO: POST /api/auth/register | 201 | 6238 ms | IP: ::1
[2026-09-03 23:45:02] INFO: POST /api/auth/login | 400 | 10 ms | IP: ::1
[2026-09-03 23:45:04] INFO: POST /api/auth/login | 400 | 2 ms | IP: ::1
[2026-09-03 23:45:06] INFO: POST /api/auth/login | 400 | 1 ms | IP: ::1
[2026-09-04 00:33:46] INFO: POST /api/auth/login | 200 | 872 ms | IP: ::1
[2026-09-04 00:34:48] ERROR: Error: Verification token has expired.
    at <anonymous> (F:\Programming\Projects\HabStreak\backend\Controllers\auth.controller.ts:287:23)
    at processTicksAndRejections (native:7:39)
[2026-09-04 00:34:48] INFO: GET /api/auth/verify/363b9e67113a0cda3551a62b0738d308195f4a0a8209c4cfb77adb387cc26451 | 400 | 344 ms | IP: ::1
[2026-09-04 00:34:48] ERROR: Error: Route '/favicon.ico' not found.
    at notFoundMiddleware (F:\Programming\Projects\HabStreak\backend\Middlewares\notFound.middleware.ts:10:13)
    at handleRequest (F:\Programming\Projects\HabStreak\backend\node_modules\router\lib\layer.js:152:17)
    at trimPrefix (F:\Programming\Projects\HabStreak\backend\node_modules\router\index.js:342:13)
    at <anonymous> (F:\Programming\Projects\HabStreak\backend\node_modules\router\index.js:297:9)
    at next (F:\Programming\Projects\HabStreak\backend\node_modules\router\index.js:291:5)
    at loggerMiddleware (F:\Programming\Projects\HabStreak\backend\Middlewares\logger.middleware.ts:19:5)
    at handleRequest (F:\Programming\Projects\HabStreak\backend\node_modules\router\lib\layer.js:152:17)
    at trimPrefix (F:\Programming\Projects\HabStreak\backend\node_modules\router\index.js:342:13)
    at <anonymous> (F:\Programming\Projects\HabStreak\backend\node_modules\router\index.js:297:9)
    at next (F:\Programming\Projects\HabStreak\backend\node_modules\router\index.js:291:5)
[2026-09-04 00:34:48] INFO: GET /favicon.ico | 404 | 6 ms | IP: ::1
[2026-09-04 00:35:00] INFO: POST /api/auth/logout | 200 | 105 ms | IP: ::1
[2026-09-04 00:41:38] ERROR: Error: Email is already registered.
    at <anonymous> (F:\Programming\Projects\HabStreak\backend\Controllers\auth.controller.ts:33:19)
    at processTicksAndRejections (native:7:39)
[2026-09-04 00:41:38] INFO: POST /api/auth/register | 409 | 9 ms | IP: ::1
[2026-09-04 00:41:48] INFO: POST /api/auth/register | 201 | 13330 ms | IP: ::1
[2026-09-04 00:42:16] INFO: GET /api/auth/verify/aba69c03ccd7c8237e7aa46f36c7b94527d4bf22832e9aa7318640c6a30e0280 | 302 | 373 ms | IP: ::1
[2026-09-04 00:42:44] INFO: POST /api/auth/login | 200 | 198 ms | IP: ::1
[2026-09-04 00:43:04] INFO: POST /api/tasks | 400 | 34 ms | IP: ::1
[2026-09-04 00:43:25] INFO: POST /api/tasks | 400 | 17 ms | IP: ::1
[2026-09-29 18:58:42] INFO: Server is running on http://localhost:3000
[2026-09-29 18:59:03] INFO: Server is running on http://localhost:3000
[2026-09-29 19:03:36] ERROR: PrismaClientKnownRequestError: 
Invalid `prisma.refreshToken.create()` invocation:


The column `sessionId` does not exist in the current database.
    at ei.handleRequestError (F:\Programming\Projects\HabStreak\backend\node_modules\@prisma\client\src\runtime\RequestHandler.ts:228:13)
    at ei.handleAndLogRequestError (F:\Programming\Projects\HabStreak\backend\node_modules\@prisma\client\src\runtime\RequestHandler.ts:174:12)
    at ei.request (F:\Programming\Projects\HabStreak\backend\node_modules\@prisma\client\src\runtime\RequestHandler.ts:143:12)
    at async a (F:\Programming\Projects\HabStreak\backend\node_modules\@prisma\client\src\runtime\getPrismaClient.ts:833:24)
    at async file:///F:/Programming/Projects/HabStreak/backend/Controllers/auth.controller.ts:168:5
[2026-09-29 19:03:36] INFO: POST /api/auth/login | 400 | 3599 ms | IP: ::1
[2026-09-29 19:06:35] ERROR: PrismaClientKnownRequestError: 
Invalid `prisma.refreshToken.create()` invocation:


The column `sessionId` does not exist in the current database.
    at ei.handleRequestError (F:\Programming\Projects\HabStreak\backend\node_modules\@prisma\client\src\runtime\RequestHandler.ts:228:13)
    at ei.handleAndLogRequestError (F:\Programming\Projects\HabStreak\backend\node_modules\@prisma\client\src\runtime\RequestHandler.ts:174:12)
    at ei.request (F:\Programming\Projects\HabStreak\backend\node_modules\@prisma\client\src\runtime\RequestHandler.ts:143:12)
    at async a (F:\Programming\Projects\HabStreak\backend\node_modules\@prisma\client\src\runtime\getPrismaClient.ts:833:24)
    at async file:///F:/Programming/Projects/HabStreak/backend/Controllers/auth.controller.ts:168:5
[2026-09-29 19:06:35] INFO: POST /api/auth/login | 400 | 324 ms | IP: ::1
[2026-09-29 19:12:03] INFO: Server is running on http://localhost:3000
[2026-09-29 19:12:15] INFO: POST /api/auth/login | 200 | 1120 ms | IP: ::1
[2026-09-29 19:15:18] ERROR: Error: Account is not authorized.
    at file:///F:/Programming/Projects/HabStreak/backend/Controllers/auth.controller.ts:252:13
[2026-09-29 19:15:18] INFO: POST /api/auth/refresh | 401 | 3365 ms | IP: ::1
[2026-09-29 19:15:48] INFO: POST /api/auth/login | 200 | 201 ms | IP: ::1
[2026-09-29 19:15:55] INFO: POST /api/auth/refresh | 200 | 248 ms | IP: ::1
[2026-09-29 21:59:09] INFO: POST /api/auth/refresh | 200 | 493 ms | IP: ::1
[2026-09-29 22:00:12] ERROR: Error: Invalid token.
    at authenticateUser (file:///F:/Programming/Projects/HabStreak/backend/Middlewares/auth.middlewares.ts:103:19)
    at Layer.handleRequest (F:\Programming\Projects\HabStreak\backend\node_modules\router\lib\layer.js:152:17)
    at next (F:\Programming\Projects\HabStreak\backend\node_modules\router\lib\route.js:157:13)
    at Route.dispatch (F:\Programming\Projects\HabStreak\backend\node_modules\router\lib\route.js:117:3)
    at handle (F:\Programming\Projects\HabStreak\backend\node_modules\router\index.js:435:11)
    at Layer.handleRequest (F:\Programming\Projects\HabStreak\backend\node_modules\router\lib\layer.js:152:17)
    at F:\Programming\Projects\HabStreak\backend\node_modules\router\index.js:295:15
    at processParams (F:\Programming\Projects\HabStreak\backend\node_modules\router\index.js:582:12)
    at next (F:\Programming\Projects\HabStreak\backend\node_modules\router\index.js:291:5)
    at router.handle (F:\Programming\Projects\HabStreak\backend\node_modules\router\index.js:186:3)
[2026-09-29 22:00:12] INFO: POST /api/tasks/ | 401 | 10 ms | IP: ::1
[2026-09-29 22:00:25] ERROR: Error: Invalid token.
    at authenticateUser (file:///F:/Programming/Projects/HabStreak/backend/Middlewares/auth.middlewares.ts:103:19)
    at Layer.handleRequest (F:\Programming\Projects\HabStreak\backend\node_modules\router\lib\layer.js:152:17)
    at next (F:\Programming\Projects\HabStreak\backend\node_modules\router\lib\route.js:157:13)
    at Route.dispatch (F:\Programming\Projects\HabStreak\backend\node_modules\router\lib\route.js:117:3)
    at handle (F:\Programming\Projects\HabStreak\backend\node_modules\router\index.js:435:11)
    at Layer.handleRequest (F:\Programming\Projects\HabStreak\backend\node_modules\router\lib\layer.js:152:17)
    at F:\Programming\Projects\HabStreak\backend\node_modules\router\index.js:295:15
    at processParams (F:\Programming\Projects\HabStreak\backend\node_modules\router\index.js:582:12)
    at next (F:\Programming\Projects\HabStreak\backend\node_modules\router\index.js:291:5)
    at router.handle (F:\Programming\Projects\HabStreak\backend\node_modules\router\index.js:186:3)
[2026-09-29 22:00:25] INFO: POST /api/tasks | 401 | 1 ms | IP: ::1
[2026-09-29 22:00:25] ERROR: Error: Invalid token.
    at authenticateUser (file:///F:/Programming/Projects/HabStreak/backend/Middlewares/auth.middlewares.ts:103:19)
    at Layer.handleRequest (F:\Programming\Projects\HabStreak\backend\node_modules\router\lib\layer.js:152:17)
    at next (F:\Programming\Projects\HabStreak\backend\node_modules\router\lib\route.js:157:13)
    at Route.dispatch (F:\Programming\Projects\HabStreak\backend\node_modules\router\lib\route.js:117:3)
    at handle (F:\Programming\Projects\HabStreak\backend\node_modules\router\index.js:435:11)
    at Layer.handleRequest (F:\Programming\Projects\HabStreak\backend\node_modules\router\lib\layer.js:152:17)
    at F:\Programming\Projects\HabStreak\backend\node_modules\router\index.js:295:15
    at processParams (F:\Programming\Projects\HabStreak\backend\node_modules\router\index.js:582:12)
    at next (F:\Programming\Projects\HabStreak\backend\node_modules\router\index.js:291:5)
    at router.handle (F:\Programming\Projects\HabStreak\backend\node_modules\router\index.js:186:3)
[2026-09-29 22:00:25] INFO: POST /api/tasks | 401 | 5 ms | IP: ::1
[2026-09-29 22:00:32] ERROR: Error: Invalid token.
    at authenticateUser (file:///F:/Programming/Projects/HabStreak/backend/Middlewares/auth.middlewares.ts:103:19)
    at Layer.handleRequest (F:\Programming\Projects\HabStreak\backend\node_modules\router\lib\layer.js:152:17)
    at next (F:\Programming\Projects\HabStreak\backend\node_modules\router\lib\route.js:157:13)
    at Route.dispatch (F:\Programming\Projects\HabStreak\backend\node_modules\router\lib\route.js:117:3)
    at handle (F:\Programming\Projects\HabStreak\backend\node_modules\router\index.js:435:11)
    at Layer.handleRequest (F:\Programming\Projects\HabStreak\backend\node_modules\router\lib\layer.js:152:17)
    at F:\Programming\Projects\HabStreak\backend\node_modules\router\index.js:295:15
    at processParams (F:\Programming\Projects\HabStreak\backend\node_modules\router\index.js:582:12)
    at next (F:\Programming\Projects\HabStreak\backend\node_modules\router\index.js:291:5)
    at router.handle (F:\Programming\Projects\HabStreak\backend\node_modules\router\index.js:186:3)
[2026-09-29 22:00:32] INFO: POST /api/tasks | 401 | 2 ms | IP: ::1
[2026-09-29 22:00:33] ERROR: Error: Invalid token.
    at authenticateUser (file:///F:/Programming/Projects/HabStreak/backend/Middlewares/auth.middlewares.ts:103:19)
    at Layer.handleRequest (F:\Programming\Projects\HabStreak\backend\node_modules\router\lib\layer.js:152:17)
    at next (F:\Programming\Projects\HabStreak\backend\node_modules\router\lib\route.js:157:13)
    at Route.dispatch (F:\Programming\Projects\HabStreak\backend\node_modules\router\lib\route.js:117:3)
    at handle (F:\Programming\Projects\HabStreak\backend\node_modules\router\index.js:435:11)
    at Layer.handleRequest (F:\Programming\Projects\HabStreak\backend\node_modules\router\lib\layer.js:152:17)
    at F:\Programming\Projects\HabStreak\backend\node_modules\router\index.js:295:15
    at processParams (F:\Programming\Projects\HabStreak\backend\node_modules\router\index.js:582:12)
    at next (F:\Programming\Projects\HabStreak\backend\node_modules\router\index.js:291:5)
    at router.handle (F:\Programming\Projects\HabStreak\backend\node_modules\router\index.js:186:3)
[2026-09-29 22:00:33] INFO: POST /api/tasks | 401 | 2 ms | IP: ::1
[2026-09-29 22:00:33] ERROR: Error: Invalid token.
    at authenticateUser (file:///F:/Programming/Projects/HabStreak/backend/Middlewares/auth.middlewares.ts:103:19)
    at Layer.handleRequest (F:\Programming\Projects\HabStreak\backend\node_modules\router\lib\layer.js:152:17)
    at next (F:\Programming\Projects\HabStreak\backend\node_modules\router\lib\route.js:157:13)
    at Route.dispatch (F:\Programming\Projects\HabStreak\backend\node_modules\router\lib\route.js:117:3)
    at handle (F:\Programming\Projects\HabStreak\backend\node_modules\router\index.js:435:11)
    at Layer.handleRequest (F:\Programming\Projects\HabStreak\backend\node_modules\router\lib\layer.js:152:17)
    at F:\Programming\Projects\HabStreak\backend\node_modules\router\index.js:295:15
    at processParams (F:\Programming\Projects\HabStreak\backend\node_modules\router\index.js:582:12)
    at next (F:\Programming\Projects\HabStreak\backend\node_modules\router\index.js:291:5)
    at router.handle (F:\Programming\Projects\HabStreak\backend\node_modules\router\index.js:186:3)
[2026-09-29 22:00:33] INFO: POST /api/tasks | 401 | 2 ms | IP: ::1
[2026-09-29 22:00:41] INFO: POST /api/auth/login | 200 | 118 ms | IP: ::1
[2026-09-29 22:00:42] INFO: POST /api/auth/login | 200 | 99 ms | IP: ::1
[2026-09-29 22:00:43] ERROR: PrismaClientKnownRequestError: 
Invalid `prisma.refreshToken.create()` invocation:


Unique constraint failed on the fields: (`token`)
    at ei.handleRequestError (F:\Programming\Projects\HabStreak\backend\node_modules\@prisma\client\src\runtime\RequestHandler.ts:228:13)
    at ei.handleAndLogRequestError (F:\Programming\Projects\HabStreak\backend\node_modules\@prisma\client\src\runtime\RequestHandler.ts:174:12)
    at ei.request (F:\Programming\Projects\HabStreak\backend\node_modules\@prisma\client\src\runtime\RequestHandler.ts:143:12)
    at async a (F:\Programming\Projects\HabStreak\backend\node_modules\@prisma\client\src\runtime\getPrismaClient.ts:833:24)
    at async file:///F:/Programming/Projects/HabStreak/backend/Controllers/auth.controller.ts:168:5
[2026-09-29 22:00:43] INFO: POST /api/auth/login | 409 | 329 ms | IP: ::1
[2026-09-29 22:00:44] INFO: POST /api/auth/login | 200 | 127 ms | IP: ::1
[2026-09-29 22:01:05] ERROR: Error: Invalid token.
    at authenticateUser (file:///F:/Programming/Projects/HabStreak/backend/Middlewares/auth.middlewares.ts:103:19)
    at Layer.handleRequest (F:\Programming\Projects\HabStreak\backend\node_modules\router\lib\layer.js:152:17)
    at next (F:\Programming\Projects\HabStreak\backend\node_modules\router\lib\route.js:157:13)
    at Route.dispatch (F:\Programming\Projects\HabStreak\backend\node_modules\router\lib\route.js:117:3)
    at handle (F:\Programming\Projects\HabStreak\backend\node_modules\router\index.js:435:11)
    at Layer.handleRequest (F:\Programming\Projects\HabStreak\backend\node_modules\router\lib\layer.js:152:17)
    at F:\Programming\Projects\HabStreak\backend\node_modules\router\index.js:295:15
    at processParams (F:\Programming\Projects\HabStreak\backend\node_modules\router\index.js:582:12)
    at next (F:\Programming\Projects\HabStreak\backend\node_modules\router\index.js:291:5)
    at router.handle (F:\Programming\Projects\HabStreak\backend\node_modules\router\index.js:186:3)
[2026-09-29 22:01:05] INFO: POST /api/tasks | 401 | 2 ms | IP: ::1
[2026-09-29 22:01:06] ERROR: Error: Invalid token.
    at authenticateUser (file:///F:/Programming/Projects/HabStreak/backend/Middlewares/auth.middlewares.ts:103:19)
    at Layer.handleRequest (F:\Programming\Projects\HabStreak\backend\node_modules\router\lib\layer.js:152:17)
    at next (F:\Programming\Projects\HabStreak\backend\node_modules\router\lib\route.js:157:13)
    at Route.dispatch (F:\Programming\Projects\HabStreak\backend\node_modules\router\lib\route.js:117:3)
    at handle (F:\Programming\Projects\HabStreak\backend\node_modules\router\index.js:435:11)
    at Layer.handleRequest (F:\Programming\Projects\HabStreak\backend\node_modules\router\lib\layer.js:152:17)
    at F:\Programming\Projects\HabStreak\backend\node_modules\router\index.js:295:15
    at processParams (F:\Programming\Projects\HabStreak\backend\node_modules\router\index.js:582:12)
    at next (F:\Programming\Projects\HabStreak\backend\node_modules\router\index.js:291:5)
    at router.handle (F:\Programming\Projects\HabStreak\backend\node_modules\router\index.js:186:3)
[2026-09-29 22:01:06] INFO: POST /api/tasks | 401 | 4 ms | IP: ::1
[2026-09-29 22:01:07] ERROR: Error: Invalid token.
    at authenticateUser (file:///F:/Programming/Projects/HabStreak/backend/Middlewares/auth.middlewares.ts:103:19)
    at Layer.handleRequest (F:\Programming\Projects\HabStreak\backend\node_modules\router\lib\layer.js:152:17)
    at next (F:\Programming\Projects\HabStreak\backend\node_modules\router\lib\route.js:157:13)
    at Route.dispatch (F:\Programming\Projects\HabStreak\backend\node_modules\router\lib\route.js:117:3)
    at handle (F:\Programming\Projects\HabStreak\backend\node_modules\router\index.js:435:11)
    at Layer.handleRequest (F:\Programming\Projects\HabStreak\backend\node_modules\router\lib\layer.js:152:17)
    at F:\Programming\Projects\HabStreak\backend\node_modules\router\index.js:295:15
    at processParams (F:\Programming\Projects\HabStreak\backend\node_modules\router\index.js:582:12)
    at next (F:\Programming\Projects\HabStreak\backend\node_modules\router\index.js:291:5)
    at router.handle (F:\Programming\Projects\HabStreak\backend\node_modules\router\index.js:186:3)
[2026-09-29 22:01:07] INFO: POST /api/tasks | 401 | 4 ms | IP: ::1
[2026-09-29 22:01:26] ERROR: Error: Route '/api/tasks' not found.
    at notFoundMiddleware (file:///F:/Programming/Projects/HabStreak/backend/Middlewares/notFound.middleware.ts:10:9)
    at Layer.handleRequest (F:\Programming\Projects\HabStreak\backend\node_modules\router\lib\layer.js:152:17)
[2026-09-27 22:02:16] INFO: Server is running on http://localhost:3000
[2026-09-27 22:52:16] ERROR: Error: Invalid token.
    at authenticateUser (file:///F:/Programming/Projects/HabStreak/backend/Middlewares/auth.middlewares.ts:103:19)
    at Layer.handleRequest (F:\Programming\Projects\HabStreak\backend\node_modules\router\lib\layer.js:152:17)
    at trimPrefix (F:\Programming\Projects\HabStreak\backend\node_modules\router\index.js:342:13)
    at F:\Programming\Projects\HabStreak\backend\node_modules\router\index.js:297:9
    at processParams (F:\Programming\Projects\HabStreak\backend\node_modules\router\index.js:582:12)
    at next (F:\Programming\Projects\HabStreak\backend\node_modules\router\index.js:291:5)
    at F:\Programming\Projects\HabStreak\backend\node_modules\router\index.js:688:15
    at next (F:\Programming\Projects\HabStreak\backend\node_modules\router\index.js:276:14)
    at router.handle (F:\Programming\Projects\HabStreak\backend\node_modules\router\index.js:186:3)
    at router (F:\Programming\Projects\HabStreak\backend\node_modules\router\index.js:60:12)
[2026-09-29 22:01:26] INFO: GET /api/tasks | 404 | 3 ms | IP: ::1
[2026-09-29 22:01:36] ERROR: Error: Route '/api/tasks/' not found.
    at notFoundMiddleware (file:///F:/Programming/Projects/HabStreak/backend/Middlewares/notFound.middleware.ts:10:9)
    at loggerMiddleware (file:///F:/Programming/Projects/HabStreak/backend/Middlewares/logger.middleware.ts:19:5)
    at Layer.handleRequest (F:\Programming\Projects\HabStreak\backend\node_modules\router\lib\layer.js:152:17)
    at trimPrefix (F:\Programming\Projects\HabStreak\backend\node_modules\router\index.js:342:13)
    at F:\Programming\Projects\HabStreak\backend\node_modules\router\index.js:297:9
[2026-09-27 22:52:16] INFO: POST /api/tasks/ | 401 | 33 ms | IP: ::1
[2026-09-27 22:52:28] ERROR: Error: Invalid token.
    at authenticateUser (file:///F:/Programming/Projects/HabStreak/backend/Middlewares/auth.middlewares.ts:103:19)
    at Layer.handleRequest (F:\Programming\Projects\HabStreak\backend\node_modules\router\lib\layer.js:152:17)
    at trimPrefix (F:\Programming\Projects\HabStreak\backend\node_modules\router\index.js:342:13)
    at F:\Programming\Projects\HabStreak\backend\node_modules\router\index.js:297:9
    at processParams (F:\Programming\Projects\HabStreak\backend\node_modules\router\index.js:582:12)
    at next (F:\Programming\Projects\HabStreak\backend\node_modules\router\index.js:291:5)
    at F:\Programming\Projects\HabStreak\backend\node_modules\router\index.js:688:15
    at next (F:\Programming\Projects\HabStreak\backend\node_modules\router\index.js:276:14)
    at router.handle (F:\Programming\Projects\HabStreak\backend\node_modules\router\index.js:186:3)
    at router (F:\Programming\Projects\HabStreak\backend\node_modules\router\index.js:60:12)
[2026-09-29 22:01:36] INFO: GET /api/tasks/ | 404 | 2 ms | IP: ::1
[2026-09-29 22:01:36] ERROR: Error: Route '/api/tasks/' not found.
    at notFoundMiddleware (file:///F:/Programming/Projects/HabStreak/backend/Middlewares/notFound.middleware.ts:10:9)
    at loggerMiddleware (file:///F:/Programming/Projects/HabStreak/backend/Middlewares/logger.middleware.ts:19:5)
    at Layer.handleRequest (F:\Programming\Projects\HabStreak\backend\node_modules\router\lib\layer.js:152:17)
    at trimPrefix (F:\Programming\Projects\HabStreak\backend\node_modules\router\index.js:342:13)
    at F:\Programming\Projects\HabStreak\backend\node_modules\router\index.js:297:9
[2026-09-27 22:52:28] INFO: POST /api/tasks/ | 401 | 5 ms | IP: ::1
[2026-09-27 22:54:37] ERROR: Error: Invalid token.
    at authenticateUser (file:///F:/Programming/Projects/HabStreak/backend/Middlewares/auth.middlewares.ts:103:19)
    at Layer.handleRequest (F:\Programming\Projects\HabStreak\backend\node_modules\router\lib\layer.js:152:17)
    at trimPrefix (F:\Programming\Projects\HabStreak\backend\node_modules\router\index.js:342:13)
    at F:\Programming\Projects\HabStreak\backend\node_modules\router\index.js:297:9
    at processParams (F:\Programming\Projects\HabStreak\backend\node_modules\router\index.js:582:12)
    at next (F:\Programming\Projects\HabStreak\backend\node_modules\router\index.js:291:5)
    at F:\Programming\Projects\HabStreak\backend\node_modules\router\index.js:688:15
    at next (F:\Programming\Projects\HabStreak\backend\node_modules\router\index.js:276:14)
    at router.handle (F:\Programming\Projects\HabStreak\backend\node_modules\router\index.js:186:3)
    at router (F:\Programming\Projects\HabStreak\backend\node_modules\router\index.js:60:12)
[2026-09-29 22:01:36] INFO: GET /api/tasks/ | 404 | 3 ms | IP: ::1
[2026-09-29 22:03:23] INFO: POST /api/auth/logout | 200 | 3367 ms | IP: ::1
[2026-09-29 22:03:45] INFO: POST /api/auth/login | 200 | 123 ms | IP: ::1
[2026-09-29 22:04:37] INFO: POST /api/auth/login | 200 | 229 ms | IP: ::1
[2026-09-29 22:04:42] INFO: POST /api/auth/refresh | 200 | 19 ms | IP: ::1
[2026-09-29 23:31:41] INFO: Server is running on http://localhost:3000
[2026-09-29 23:51:50] INFO: Server is running on http://localhost:3000
[2026-09-29 22:12:59] INFO: Server is running on http://localhost:3000
[2026-09-29 22:17:38] INFO: Server is running on http://localhost:3000
    at loggerMiddleware (file:///F:/Programming/Projects/HabStreak/backend/Middlewares/logger.middleware.ts:19:5)
    at Layer.handleRequest (F:\Programming\Projects\HabStreak\backend\node_modules\router\lib\layer.js:152:17)
    at trimPrefix (F:\Programming\Projects\HabStreak\backend\node_modules\router\index.js:342:13)
    at F:\Programming\Projects\HabStreak\backend\node_modules\router\index.js:297:9
[2026-09-27 22:54:37] INFO: POST /api/tasks/ | 401 | 5 ms | IP: ::1
[2026-09-27 22:56:32] ERROR: Error: Invalid token.
    at authenticateUser (file:///F:/Programming/Projects/HabStreak/backend/Middlewares/auth.middlewares.ts:103:19)
    at Layer.handleRequest (F:\Programming\Projects\HabStreak\backend\node_modules\router\lib\layer.js:152:17)
    at trimPrefix (F:\Programming\Projects\HabStreak\backend\node_modules\router\index.js:342:13)
    at F:\Programming\Projects\HabStreak\backend\node_modules\router\index.js:297:9
    at processParams (F:\Programming\Projects\HabStreak\backend\node_modules\router\index.js:582:12)
    at next (F:\Programming\Projects\HabStreak\backend\node_modules\router\index.js:291:5)
    at loggerMiddleware (file:///F:/Programming/Projects/HabStreak/backend/Middlewares/logger.middleware.ts:19:5)
    at Layer.handleRequest (F:\Programming\Projects\HabStreak\backend\node_modules\router\lib\layer.js:152:17)
    at trimPrefix (F:\Programming\Projects\HabStreak\backend\node_modules\router\index.js:342:13)
    at F:\Programming\Projects\HabStreak\backend\node_modules\router\index.js:297:9
[2026-09-27 22:56:32] INFO: POST /api/tasks/ | 401 | 4 ms | IP: ::1
[2026-09-27 22:56:51] ERROR: Error: Invalid token.
    at authenticateUser (file:///F:/Programming/Projects/HabStreak/backend/Middlewares/auth.middlewares.ts:103:19)
    at Layer.handleRequest (F:\Programming\Projects\HabStreak\backend\node_modules\router\lib\layer.js:152:17)
    at trimPrefix (F:\Programming\Projects\HabStreak\backend\node_modules\router\index.js:342:13)
    at F:\Programming\Projects\HabStreak\backend\node_modules\router\index.js:297:9
    at processParams (F:\Programming\Projects\HabStreak\backend\node_modules\router\index.js:582:12)
    at next (F:\Programming\Projects\HabStreak\backend\node_modules\router\index.js:291:5)
    at loggerMiddleware (file:///F:/Programming/Projects/HabStreak/backend/Middlewares/logger.middleware.ts:19:5)
    at Layer.handleRequest (F:\Programming\Projects\HabStreak\backend\node_modules\router\lib\layer.js:152:17)
    at trimPrefix (F:\Programming\Projects\HabStreak\backend\node_modules\router\index.js:342:13)
    at F:\Programming\Projects\HabStreak\backend\node_modules\router\index.js:297:9
[2026-09-27 22:56:51] INFO: POST /api/tasks/ | 401 | 13 ms | IP: ::1
[2026-09-27 22:56:52] ERROR: Error: Invalid token.
    at authenticateUser (file:///F:/Programming/Projects/HabStreak/backend/Middlewares/auth.middlewares.ts:103:19)
    at Layer.handleRequest (F:\Programming\Projects\HabStreak\backend\node_modules\router\lib\layer.js:152:17)
    at trimPrefix (F:\Programming\Projects\HabStreak\backend\node_modules\router\index.js:342:13)
    at F:\Programming\Projects\HabStreak\backend\node_modules\router\index.js:297:9
    at processParams (F:\Programming\Projects\HabStreak\backend\node_modules\router\index.js:582:12)
    at next (F:\Programming\Projects\HabStreak\backend\node_modules\router\index.js:291:5)
    at loggerMiddleware (file:///F:/Programming/Projects/HabStreak/backend/Middlewares/logger.middleware.ts:19:5)
    at Layer.handleRequest (F:\Programming\Projects\HabStreak\backend\node_modules\router\lib\layer.js:152:17)
    at trimPrefix (F:\Programming\Projects\HabStreak\backend\node_modules\router\index.js:342:13)
    at F:\Programming\Projects\HabStreak\backend\node_modules\router\index.js:297:9
[2026-09-27 22:56:52] INFO: POST /api/tasks/ | 401 | 7 ms | IP: ::1
[2026-09-27 22:57:03] INFO: Server is running on http://localhost:3000
[2026-09-27 22:57:07] ERROR: Error: Invalid token.
    at authenticateUser (file:///F:/Programming/Projects/HabStreak/backend/Middlewares/auth.middlewares.ts:103:19)
    at Layer.handleRequest (F:\Programming\Projects\HabStreak\backend\node_modules\router\lib\layer.js:152:17)
    at trimPrefix (F:\Programming\Projects\HabStreak\backend\node_modules\router\index.js:342:13)
    at F:\Programming\Projects\HabStreak\backend\node_modules\router\index.js:297:9
    at processParams (F:\Programming\Projects\HabStreak\backend\node_modules\router\index.js:582:12)
    at next (F:\Programming\Projects\HabStreak\backend\node_modules\router\index.js:291:5)
    at loggerMiddleware (file:///F:/Programming/Projects/HabStreak/backend/Middlewares/logger.middleware.ts:19:5)
    at Layer.handleRequest (F:\Programming\Projects\HabStreak\backend\node_modules\router\lib\layer.js:152:17)
    at trimPrefix (F:\Programming\Projects\HabStreak\backend\node_modules\router\index.js:342:13)
    at F:\Programming\Projects\HabStreak\backend\node_modules\router\index.js:297:9
[2026-09-27 22:57:07] INFO: POST /api/tasks/ | 401 | 21 ms | IP: ::1
[2026-09-27 23:05:52] ERROR: Error: Invalid token.
    at authenticateUser (file:///F:/Programming/Projects/HabStreak/backend/Middlewares/auth.middlewares.ts:103:19)
    at Layer.handleRequest (F:\Programming\Projects\HabStreak\backend\node_modules\router\lib\layer.js:152:17)
    at trimPrefix (F:\Programming\Projects\HabStreak\backend\node_modules\router\index.js:342:13)
    at F:\Programming\Projects\HabStreak\backend\node_modules\router\index.js:297:9
    at processParams (F:\Programming\Projects\HabStreak\backend\node_modules\router\index.js:582:12)
    at next (F:\Programming\Projects\HabStreak\backend\node_modules\router\index.js:291:5)
    at loggerMiddleware (file:///F:/Programming/Projects/HabStreak/backend/Middlewares/logger.middleware.ts:19:5)
    at Layer.handleRequest (F:\Programming\Projects\HabStreak\backend\node_modules\router\lib\layer.js:152:17)
    at trimPrefix (F:\Programming\Projects\HabStreak\backend\node_modules\router\index.js:342:13)
    at F:\Programming\Projects\HabStreak\backend\node_modules\router\index.js:297:9
[2026-09-27 23:05:52] INFO: POST /api/tasks/ | 401 | 12 ms | IP: ::1
[2026-09-27 23:12:19] INFO: Server is running on http://localhost:3000
[2026-09-27 23:12:34] INFO: Server is running on http://localhost:3000
[2026-09-27 23:12:36] INFO: Server is running on http://localhost:3000
[2026-09-27 23:12:39] INFO: Server is running on http://localhost:3000
[2026-09-27 23:13:00] INFO: Server is running on http://localhost:3000
[2026-09-27 23:13:02] INFO: Server is running on http://localhost:3000
[2026-09-27 23:13:07] INFO: Server is running on http://localhost:3000
[2026-09-27 23:13:13] INFO: Server is running on http://localhost:3000
[2026-09-27 23:13:21] INFO: Server is running on http://localhost:3000
[2026-09-27 23:13:24] INFO: Server is running on http://localhost:3000
[2026-09-27 23:13:30] INFO: Server is running on http://localhost:3000
[2026-09-27 23:13:34] INFO: Server is running on http://localhost:3000
[2026-09-27 23:13:36] INFO: Server is running on http://localhost:3000
[2026-09-27 23:13:38] INFO: Server is running on http://localhost:3000
[2026-09-27 23:13:44] INFO: Server is running on http://localhost:3000
[2026-09-27 23:14:12] INFO: Server is running on http://localhost:3000
[2026-09-27 23:14:16] INFO: Server is running on http://localhost:3000
[2026-09-27 23:14:18] INFO: Server is running on http://localhost:3000
[2026-09-27 23:14:48] INFO: Server is running on http://localhost:3000
[2026-09-27 23:14:57] INFO: Server is running on http://localhost:3000
[2026-09-27 23:14:58] INFO: Server is running on http://localhost:3000
[2026-09-27 23:15:03] INFO: Server is running on http://localhost:3000
[2026-09-27 23:15:14] INFO: Server is running on http://localhost:3000
[2026-09-27 23:15:21] INFO: Server is running on http://localhost:3000
[2026-09-27 23:15:32] INFO: Server is running on http://localhost:3000
[2026-09-27 23:15:36] INFO: Server is running on http://localhost:3000
[2026-09-27 23:15:55] INFO: Server is running on http://localhost:3000
[2026-09-27 23:16:02] INFO: Server is running on http://localhost:3000
[2026-09-27 23:16:25] INFO: Server is running on http://localhost:3000
[2026-09-27 23:16:27] INFO: Server is running on http://localhost:3000
[2026-09-27 23:16:44] INFO: Server is running on http://localhost:3000
[2026-09-27 23:16:55] INFO: Server is running on http://localhost:3000
[2026-09-27 23:17:00] INFO: Server is running on http://localhost:3000
[2026-09-27 23:17:23] INFO: Server is running on http://localhost:3000
[2026-09-27 23:17:29] INFO: Server is running on http://localhost:3000
[2026-09-27 23:17:48] INFO: Server is running on http://localhost:3000
[2026-09-27 23:18:11] INFO: Server is running on http://localhost:3000
[2026-09-27 23:18:12] INFO: Server is running on http://localhost:3000
[2026-09-27 23:18:26] INFO: Server is running on http://localhost:3000
[2026-09-27 23:18:29] INFO: Server is running on http://localhost:3000
[2026-09-27 23:18:40] INFO: Server is running on http://localhost:3000
[2026-09-27 23:18:43] INFO: Server is running on http://localhost:3000
[2026-09-27 23:18:51] INFO: Server is running on http://localhost:3000
[2026-09-27 23:19:18] INFO: Server is running on http://localhost:3000
[2026-09-27 23:19:21] INFO: Server is running on http://localhost:3000
[2026-09-27 23:19:26] INFO: Server is running on http://localhost:3000
[2026-09-27 23:19:34] INFO: Server is running on http://localhost:3000
[2026-09-27 23:19:39] INFO: Server is running on http://localhost:3000
[2026-09-27 23:19:42] INFO: Server is running on http://localhost:3000
[2026-09-27 23:19:48] INFO: Server is running on http://localhost:3000
[2026-09-27 23:19:55] INFO: Server is running on http://localhost:3000
[2026-09-27 23:20:02] INFO: Server is running on http://localhost:3000
[2026-09-27 23:20:04] INFO: Server is running on http://localhost:3000
[2026-09-27 23:20:06] INFO: Server is running on http://localhost:3000
[2026-09-27 23:20:08] INFO: Server is running on http://localhost:3000
[2026-09-27 23:20:13] INFO: Server is running on http://localhost:3000
[2026-09-27 23:20:14] INFO: Server is running on http://localhost:3000
[2026-09-27 23:21:12] INFO: Server is running on http://localhost:3000
[2026-09-27 23:21:17] INFO: Server is running on http://localhost:3000
[2026-09-27 23:21:24] INFO: Server is running on http://localhost:3000
[2026-09-27 23:21:33] INFO: Server is running on http://localhost:3000
[2026-09-27 23:22:06] INFO: Server is running on http://localhost:3000
[2026-09-27 23:22:18] ERROR: Error: Invalid token.
    at authenticateUser (file:///F:/Programming/Projects/HabStreak/backend/Middlewares/auth.middlewares.ts:94:19)
    at Layer.handleRequest (F:\Programming\Projects\HabStreak\backend\node_modules\router\lib\layer.js:152:17)
    at trimPrefix (F:\Programming\Projects\HabStreak\backend\node_modules\router\index.js:342:13)
    at F:\Programming\Projects\HabStreak\backend\node_modules\router\index.js:297:9
    at processParams (F:\Programming\Projects\HabStreak\backend\node_modules\router\index.js:582:12)
    at next (F:\Programming\Projects\HabStreak\backend\node_modules\router\index.js:291:5)
    at loggerMiddleware (file:///F:/Programming/Projects/HabStreak/backend/Middlewares/logger.middleware.ts:19:5)
    at Layer.handleRequest (F:\Programming\Projects\HabStreak\backend\node_modules\router\lib\layer.js:152:17)
    at trimPrefix (F:\Programming\Projects\HabStreak\backend\node_modules\router\index.js:342:13)
    at F:\Programming\Projects\HabStreak\backend\node_modules\router\index.js:297:9
[2026-09-27 23:22:19] INFO: POST /api/tasks/ | 401 | 32 ms | IP: ::1
[2026-09-27 23:22:20] ERROR: Error: Invalid token.
    at authenticateUser (file:///F:/Programming/Projects/HabStreak/backend/Middlewares/auth.middlewares.ts:94:19)
    at Layer.handleRequest (F:\Programming\Projects\HabStreak\backend\node_modules\router\lib\layer.js:152:17)
    at trimPrefix (F:\Programming\Projects\HabStreak\backend\node_modules\router\index.js:342:13)
    at F:\Programming\Projects\HabStreak\backend\node_modules\router\index.js:297:9
    at processParams (F:\Programming\Projects\HabStreak\backend\node_modules\router\index.js:582:12)
    at next (F:\Programming\Projects\HabStreak\backend\node_modules\router\index.js:291:5)
    at loggerMiddleware (file:///F:/Programming/Projects/HabStreak/backend/Middlewares/logger.middleware.ts:19:5)
    at Layer.handleRequest (F:\Programming\Projects\HabStreak\backend\node_modules\router\lib\layer.js:152:17)
    at trimPrefix (F:\Programming\Projects\HabStreak\backend\node_modules\router\index.js:342:13)
    at F:\Programming\Projects\HabStreak\backend\node_modules\router\index.js:297:9
[2026-09-27 23:22:20] INFO: POST /api/tasks/ | 401 | 15 ms | IP: ::1
[2026-09-27 23:22:21] ERROR: Error: Invalid token.
    at authenticateUser (file:///F:/Programming/Projects/HabStreak/backend/Middlewares/auth.middlewares.ts:94:19)
    at Layer.handleRequest (F:\Programming\Projects\HabStreak\backend\node_modules\router\lib\layer.js:152:17)
    at trimPrefix (F:\Programming\Projects\HabStreak\backend\node_modules\router\index.js:342:13)
    at F:\Programming\Projects\HabStreak\backend\node_modules\router\index.js:297:9
    at processParams (F:\Programming\Projects\HabStreak\backend\node_modules\router\index.js:582:12)
    at next (F:\Programming\Projects\HabStreak\backend\node_modules\router\index.js:291:5)
    at loggerMiddleware (file:///F:/Programming/Projects/HabStreak/backend/Middlewares/logger.middleware.ts:19:5)
    at Layer.handleRequest (F:\Programming\Projects\HabStreak\backend\node_modules\router\lib\layer.js:152:17)
    at trimPrefix (F:\Programming\Projects\HabStreak\backend\node_modules\router\index.js:342:13)
    at F:\Programming\Projects\HabStreak\backend\node_modules\router\index.js:297:9
[2026-09-27 23:22:21] INFO: POST /api/tasks/ | 401 | 10 ms | IP: ::1
[2026-09-27 23:22:34] INFO: Server is running on http://localhost:3000
[2026-09-27 23:22:37] ERROR: Error: Invalid token.
    at authenticateUser (file:///F:/Programming/Projects/HabStreak/backend/Middlewares/auth.middlewares.ts:94:19)
    at Layer.handleRequest (F:\Programming\Projects\HabStreak\backend\node_modules\router\lib\layer.js:152:17)
    at trimPrefix (F:\Programming\Projects\HabStreak\backend\node_modules\router\index.js:342:13)
    at F:\Programming\Projects\HabStreak\backend\node_modules\router\index.js:297:9
    at processParams (F:\Programming\Projects\HabStreak\backend\node_modules\router\index.js:582:12)
    at next (F:\Programming\Projects\HabStreak\backend\node_modules\router\index.js:291:5)
    at loggerMiddleware (file:///F:/Programming/Projects/HabStreak/backend/Middlewares/logger.middleware.ts:19:5)
    at Layer.handleRequest (F:\Programming\Projects\HabStreak\backend\node_modules\router\lib\layer.js:152:17)
    at trimPrefix (F:\Programming\Projects\HabStreak\backend\node_modules\router\index.js:342:13)
    at F:\Programming\Projects\HabStreak\backend\node_modules\router\index.js:297:9
[2026-09-27 23:22:37] INFO: POST /api/tasks/ | 401 | 17 ms | IP: ::1
[2026-09-27 23:26:15] INFO: Server is running on http://localhost:3000
[2026-09-27 23:26:26] INFO: Server is running on http://localhost:3000
[2026-09-27 23:26:46] ERROR: Error: Invalid token.
    at authenticateUser (file:///F:/Programming/Projects/HabStreak/backend/Middlewares/auth.middlewares.ts:94:19)
    at Layer.handleRequest (F:\Programming\Projects\HabStreak\backend\node_modules\router\lib\layer.js:152:17)
    at trimPrefix (F:\Programming\Projects\HabStreak\backend\node_modules\router\index.js:342:13)
    at F:\Programming\Projects\HabStreak\backend\node_modules\router\index.js:297:9
    at processParams (F:\Programming\Projects\HabStreak\backend\node_modules\router\index.js:582:12)
    at next (F:\Programming\Projects\HabStreak\backend\node_modules\router\index.js:291:5)
    at loggerMiddleware (file:///F:/Programming/Projects/HabStreak/backend/Middlewares/logger.middleware.ts:19:5)
    at Layer.handleRequest (F:\Programming\Projects\HabStreak\backend\node_modules\router\lib\layer.js:152:17)
    at trimPrefix (F:\Programming\Projects\HabStreak\backend\node_modules\router\index.js:342:13)
    at F:\Programming\Projects\HabStreak\backend\node_modules\router\index.js:297:9
[2026-09-27 23:26:46] INFO: POST /api/tasks/ | 401 | 31 ms | IP: ::1
[2026-09-27 23:27:27] ERROR: Error: Invalid token.
    at authenticateUser (file:///F:/Programming/Projects/HabStreak/backend/Middlewares/auth.middlewares.ts:94:19)
    at Layer.handleRequest (F:\Programming\Projects\HabStreak\backend\node_modules\router\lib\layer.js:152:17)
    at trimPrefix (F:\Programming\Projects\HabStreak\backend\node_modules\router\index.js:342:13)
    at F:\Programming\Projects\HabStreak\backend\node_modules\router\index.js:297:9
    at processParams (F:\Programming\Projects\HabStreak\backend\node_modules\router\index.js:582:12)
    at next (F:\Programming\Projects\HabStreak\backend\node_modules\router\index.js:291:5)
    at loggerMiddleware (file:///F:/Programming/Projects/HabStreak/backend/Middlewares/logger.middleware.ts:19:5)
    at Layer.handleRequest (F:\Programming\Projects\HabStreak\backend\node_modules\router\lib\layer.js:152:17)
    at trimPrefix (F:\Programming\Projects\HabStreak\backend\node_modules\router\index.js:342:13)
    at F:\Programming\Projects\HabStreak\backend\node_modules\router\index.js:297:9
[2026-09-27 23:27:27] INFO: POST /api/tasks/ | 401 | 7 ms | IP: ::1
[2026-09-27 23:30:22] ERROR: Error: Invalid token.
    at authenticateUser (file:///F:/Programming/Projects/HabStreak/backend/Middlewares/auth.middlewares.ts:94:19)
    at Layer.handleRequest (F:\Programming\Projects\HabStreak\backend\node_modules\router\lib\layer.js:152:17)
    at trimPrefix (F:\Programming\Projects\HabStreak\backend\node_modules\router\index.js:342:13)
    at F:\Programming\Projects\HabStreak\backend\node_modules\router\index.js:297:9
    at processParams (F:\Programming\Projects\HabStreak\backend\node_modules\router\index.js:582:12)
    at next (F:\Programming\Projects\HabStreak\backend\node_modules\router\index.js:291:5)
    at loggerMiddleware (file:///F:/Programming/Projects/HabStreak/backend/Middlewares/logger.middleware.ts:19:5)
    at Layer.handleRequest (F:\Programming\Projects\HabStreak\backend\node_modules\router\lib\layer.js:152:17)
    at trimPrefix (F:\Programming\Projects\HabStreak\backend\node_modules\router\index.js:342:13)
    at F:\Programming\Projects\HabStreak\backend\node_modules\router\index.js:297:9
[2026-09-27 23:30:22] INFO: POST /api/tasks/ | 401 | 18 ms | IP: ::1
[2026-09-27 23:30:44] INFO: Server is running on http://localhost:3000
[2026-09-27 23:30:57] INFO: Server is running on http://localhost:3000
[2026-09-27 23:31:09] INFO: Server is running on http://localhost:3000
[2026-09-27 23:31:17] ERROR: Error: Invalid token.
    at authenticateUser (file:///F:/Programming/Projects/HabStreak/backend/Middlewares/auth.middlewares.ts:94:19)
    at Layer.handleRequest (F:\Programming\Projects\HabStreak\backend\node_modules\router\lib\layer.js:152:17)
    at next (F:\Programming\Projects\HabStreak\backend\node_modules\router\lib\route.js:157:13)
    at Route.dispatch (F:\Programming\Projects\HabStreak\backend\node_modules\router\lib\route.js:117:3)
    at handle (F:\Programming\Projects\HabStreak\backend\node_modules\router\index.js:435:11)
    at Layer.handleRequest (F:\Programming\Projects\HabStreak\backend\node_modules\router\lib\layer.js:152:17)
    at F:\Programming\Projects\HabStreak\backend\node_modules\router\index.js:295:15
    at processParams (F:\Programming\Projects\HabStreak\backend\node_modules\router\index.js:582:12)
    at next (F:\Programming\Projects\HabStreak\backend\node_modules\router\index.js:291:5)
    at router.handle (F:\Programming\Projects\HabStreak\backend\node_modules\router\index.js:186:3)
[2026-09-27 23:31:17] INFO: POST /api/tasks/ | 401 | 31 ms | IP: ::1
[2026-09-27 23:31:39] ERROR: Error: No token provided.
    at authenticateUser (file:///F:/Programming/Projects/HabStreak/backend/Middlewares/auth.middlewares.ts:35:15)
    at Layer.handleRequest (F:\Programming\Projects\HabStreak\backend\node_modules\router\lib\layer.js:152:17)
    at next (F:\Programming\Projects\HabStreak\backend\node_modules\router\lib\route.js:157:13)
    at Route.dispatch (F:\Programming\Projects\HabStreak\backend\node_modules\router\lib\route.js:117:3)
    at handle (F:\Programming\Projects\HabStreak\backend\node_modules\router\index.js:435:11)
    at Layer.handleRequest (F:\Programming\Projects\HabStreak\backend\node_modules\router\lib\layer.js:152:17)
    at F:\Programming\Projects\HabStreak\backend\node_modules\router\index.js:295:15
    at processParams (F:\Programming\Projects\HabStreak\backend\node_modules\router\index.js:582:12)
    at next (F:\Programming\Projects\HabStreak\backend\node_modules\router\index.js:291:5)
    at router.handle (F:\Programming\Projects\HabStreak\backend\node_modules\router\index.js:186:3)
[2026-09-27 23:31:39] ERROR: Error: Invalid or expired token
    at authenticateUser (file:///F:/Programming/Projects/HabStreak/backend/Middlewares/auth.middlewares.ts:98:15)
    at Layer.handleRequest (F:\Programming\Projects\HabStreak\backend\node_modules\router\lib\layer.js:152:17)
    at next (F:\Programming\Projects\HabStreak\backend\node_modules\router\lib\route.js:157:13)
    at Route.dispatch (F:\Programming\Projects\HabStreak\backend\node_modules\router\lib\route.js:117:3)
    at handle (F:\Programming\Projects\HabStreak\backend\node_modules\router\index.js:435:11)
    at Layer.handleRequest (F:\Programming\Projects\HabStreak\backend\node_modules\router\lib\layer.js:152:17)
    at F:\Programming\Projects\HabStreak\backend\node_modules\router\index.js:295:15
    at processParams (F:\Programming\Projects\HabStreak\backend\node_modules\router\index.js:582:12)
    at next (F:\Programming\Projects\HabStreak\backend\node_modules\router\index.js:291:5)
    at router.handle (F:\Programming\Projects\HabStreak\backend\node_modules\router\index.js:186:3)
[2026-09-27 23:31:39] INFO: POST /api/tasks/ | 401 | 10 ms | IP: ::1
[2026-09-27 23:31:40] ERROR: Error: No token provided.
    at authenticateUser (file:///F:/Programming/Projects/HabStreak/backend/Middlewares/auth.middlewares.ts:35:15)
    at Layer.handleRequest (F:\Programming\Projects\HabStreak\backend\node_modules\router\lib\layer.js:152:17)
    at next (F:\Programming\Projects\HabStreak\backend\node_modules\router\lib\route.js:157:13)
    at Route.dispatch (F:\Programming\Projects\HabStreak\backend\node_modules\router\lib\route.js:117:3)
    at handle (F:\Programming\Projects\HabStreak\backend\node_modules\router\index.js:435:11)
    at Layer.handleRequest (F:\Programming\Projects\HabStreak\backend\node_modules\router\lib\layer.js:152:17)
    at F:\Programming\Projects\HabStreak\backend\node_modules\router\index.js:295:15
    at processParams (F:\Programming\Projects\HabStreak\backend\node_modules\router\index.js:582:12)
    at next (F:\Programming\Projects\HabStreak\backend\node_modules\router\index.js:291:5)
    at router.handle (F:\Programming\Projects\HabStreak\backend\node_modules\router\index.js:186:3)
[2026-09-27 23:31:40] ERROR: Error: Invalid or expired token
    at authenticateUser (file:///F:/Programming/Projects/HabStreak/backend/Middlewares/auth.middlewares.ts:98:15)
    at Layer.handleRequest (F:\Programming\Projects\HabStreak\backend\node_modules\router\lib\layer.js:152:17)
    at next (F:\Programming\Projects\HabStreak\backend\node_modules\router\lib\route.js:157:13)
    at Route.dispatch (F:\Programming\Projects\HabStreak\backend\node_modules\router\lib\route.js:117:3)
    at handle (F:\Programming\Projects\HabStreak\backend\node_modules\router\index.js:435:11)
    at Layer.handleRequest (F:\Programming\Projects\HabStreak\backend\node_modules\router\lib\layer.js:152:17)
    at F:\Programming\Projects\HabStreak\backend\node_modules\router\index.js:295:15
    at processParams (F:\Programming\Projects\HabStreak\backend\node_modules\router\index.js:582:12)
    at next (F:\Programming\Projects\HabStreak\backend\node_modules\router\index.js:291:5)
    at router.handle (F:\Programming\Projects\HabStreak\backend\node_modules\router\index.js:186:3)
[2026-09-27 23:31:40] INFO: POST /api/tasks/ | 401 | 8 ms | IP: ::1
[2026-09-27 23:31:41] ERROR: Error: No token provided.
    at authenticateUser (file:///F:/Programming/Projects/HabStreak/backend/Middlewares/auth.middlewares.ts:35:15)
    at Layer.handleRequest (F:\Programming\Projects\HabStreak\backend\node_modules\router\lib\layer.js:152:17)
    at next (F:\Programming\Projects\HabStreak\backend\node_modules\router\lib\route.js:157:13)
    at Route.dispatch (F:\Programming\Projects\HabStreak\backend\node_modules\router\lib\route.js:117:3)
    at handle (F:\Programming\Projects\HabStreak\backend\node_modules\router\index.js:435:11)
    at Layer.handleRequest (F:\Programming\Projects\HabStreak\backend\node_modules\router\lib\layer.js:152:17)
    at F:\Programming\Projects\HabStreak\backend\node_modules\router\index.js:295:15
    at processParams (F:\Programming\Projects\HabStreak\backend\node_modules\router\index.js:582:12)
    at next (F:\Programming\Projects\HabStreak\backend\node_modules\router\index.js:291:5)
    at router.handle (F:\Programming\Projects\HabStreak\backend\node_modules\router\index.js:186:3)
[2026-09-27 23:31:41] ERROR: Error: Invalid or expired token
    at authenticateUser (file:///F:/Programming/Projects/HabStreak/backend/Middlewares/auth.middlewares.ts:98:15)
    at Layer.handleRequest (F:\Programming\Projects\HabStreak\backend\node_modules\router\lib\layer.js:152:17)
    at next (F:\Programming\Projects\HabStreak\backend\node_modules\router\lib\route.js:157:13)
    at Route.dispatch (F:\Programming\Projects\HabStreak\backend\node_modules\router\lib\route.js:117:3)
    at handle (F:\Programming\Projects\HabStreak\backend\node_modules\router\index.js:435:11)
    at Layer.handleRequest (F:\Programming\Projects\HabStreak\backend\node_modules\router\lib\layer.js:152:17)
    at F:\Programming\Projects\HabStreak\backend\node_modules\router\index.js:295:15
    at processParams (F:\Programming\Projects\HabStreak\backend\node_modules\router\index.js:582:12)
    at next (F:\Programming\Projects\HabStreak\backend\node_modules\router\index.js:291:5)
    at router.handle (F:\Programming\Projects\HabStreak\backend\node_modules\router\index.js:186:3)
[2026-09-27 23:31:41] INFO: POST /api/tasks/ | 401 | 27 ms | IP: ::1
[2026-09-27 23:31:43] ERROR: Error: No token provided.
    at authenticateUser (file:///F:/Programming/Projects/HabStreak/backend/Middlewares/auth.middlewares.ts:35:15)
    at Layer.handleRequest (F:\Programming\Projects\HabStreak\backend\node_modules\router\lib\layer.js:152:17)
    at next (F:\Programming\Projects\HabStreak\backend\node_modules\router\lib\route.js:157:13)
    at Route.dispatch (F:\Programming\Projects\HabStreak\backend\node_modules\router\lib\route.js:117:3)
    at handle (F:\Programming\Projects\HabStreak\backend\node_modules\router\index.js:435:11)
    at Layer.handleRequest (F:\Programming\Projects\HabStreak\backend\node_modules\router\lib\layer.js:152:17)
    at F:\Programming\Projects\HabStreak\backend\node_modules\router\index.js:295:15
    at processParams (F:\Programming\Projects\HabStreak\backend\node_modules\router\index.js:582:12)
    at next (F:\Programming\Projects\HabStreak\backend\node_modules\router\index.js:291:5)
    at router.handle (F:\Programming\Projects\HabStreak\backend\node_modules\router\index.js:186:3)
[2026-09-27 23:31:43] ERROR: Error: Invalid or expired token
    at authenticateUser (file:///F:/Programming/Projects/HabStreak/backend/Middlewares/auth.middlewares.ts:98:15)
    at Layer.handleRequest (F:\Programming\Projects\HabStreak\backend\node_modules\router\lib\layer.js:152:17)
    at next (F:\Programming\Projects\HabStreak\backend\node_modules\router\lib\route.js:157:13)
    at Route.dispatch (F:\Programming\Projects\HabStreak\backend\node_modules\router\lib\route.js:117:3)
    at handle (F:\Programming\Projects\HabStreak\backend\node_modules\router\index.js:435:11)
    at Layer.handleRequest (F:\Programming\Projects\HabStreak\backend\node_modules\router\lib\layer.js:152:17)
    at F:\Programming\Projects\HabStreak\backend\node_modules\router\index.js:295:15
    at processParams (F:\Programming\Projects\HabStreak\backend\node_modules\router\index.js:582:12)
    at next (F:\Programming\Projects\HabStreak\backend\node_modules\router\index.js:291:5)
    at router.handle (F:\Programming\Projects\HabStreak\backend\node_modules\router\index.js:186:3)
[2026-09-27 23:31:43] INFO: POST /api/tasks/ | 401 | 9 ms | IP: ::1
[2026-09-27 23:31:54] ERROR: Error: No token provided.
    at authenticateUser (file:///F:/Programming/Projects/HabStreak/backend/Middlewares/auth.middlewares.ts:35:15)
    at Layer.handleRequest (F:\Programming\Projects\HabStreak\backend\node_modules\router\lib\layer.js:152:17)
    at next (F:\Programming\Projects\HabStreak\backend\node_modules\router\lib\route.js:157:13)
    at Route.dispatch (F:\Programming\Projects\HabStreak\backend\node_modules\router\lib\route.js:117:3)
    at handle (F:\Programming\Projects\HabStreak\backend\node_modules\router\index.js:435:11)
    at Layer.handleRequest (F:\Programming\Projects\HabStreak\backend\node_modules\router\lib\layer.js:152:17)
    at F:\Programming\Projects\HabStreak\backend\node_modules\router\index.js:295:15
    at processParams (F:\Programming\Projects\HabStreak\backend\node_modules\router\index.js:582:12)
    at next (F:\Programming\Projects\HabStreak\backend\node_modules\router\index.js:291:5)
    at router.handle (F:\Programming\Projects\HabStreak\backend\node_modules\router\index.js:186:3)
[2026-09-27 23:31:54] ERROR: Error: Invalid or expired token
    at authenticateUser (file:///F:/Programming/Projects/HabStreak/backend/Middlewares/auth.middlewares.ts:98:15)
    at Layer.handleRequest (F:\Programming\Projects\HabStreak\backend\node_modules\router\lib\layer.js:152:17)
    at next (F:\Programming\Projects\HabStreak\backend\node_modules\router\lib\route.js:157:13)
    at Route.dispatch (F:\Programming\Projects\HabStreak\backend\node_modules\router\lib\route.js:117:3)
    at handle (F:\Programming\Projects\HabStreak\backend\node_modules\router\index.js:435:11)
    at Layer.handleRequest (F:\Programming\Projects\HabStreak\backend\node_modules\router\lib\layer.js:152:17)
    at F:\Programming\Projects\HabStreak\backend\node_modules\router\index.js:295:15
    at processParams (F:\Programming\Projects\HabStreak\backend\node_modules\router\index.js:582:12)
    at next (F:\Programming\Projects\HabStreak\backend\node_modules\router\index.js:291:5)
    at router.handle (F:\Programming\Projects\HabStreak\backend\node_modules\router\index.js:186:3)
[2026-09-27 23:31:54] INFO: POST /api/tasks/ | 401 | 14 ms | IP: ::1
[2026-09-27 23:31:54] ERROR: Error: No token provided.
    at authenticateUser (file:///F:/Programming/Projects/HabStreak/backend/Middlewares/auth.middlewares.ts:35:15)
    at Layer.handleRequest (F:\Programming\Projects\HabStreak\backend\node_modules\router\lib\layer.js:152:17)
    at next (F:\Programming\Projects\HabStreak\backend\node_modules\router\lib\route.js:157:13)
    at Route.dispatch (F:\Programming\Projects\HabStreak\backend\node_modules\router\lib\route.js:117:3)
    at handle (F:\Programming\Projects\HabStreak\backend\node_modules\router\index.js:435:11)
    at Layer.handleRequest (F:\Programming\Projects\HabStreak\backend\node_modules\router\lib\layer.js:152:17)
    at F:\Programming\Projects\HabStreak\backend\node_modules\router\index.js:295:15
    at processParams (F:\Programming\Projects\HabStreak\backend\node_modules\router\index.js:582:12)
    at next (F:\Programming\Projects\HabStreak\backend\node_modules\router\index.js:291:5)
    at router.handle (F:\Programming\Projects\HabStreak\backend\node_modules\router\index.js:186:3)
[2026-09-27 23:31:54] ERROR: Error: Invalid or expired token
    at authenticateUser (file:///F:/Programming/Projects/HabStreak/backend/Middlewares/auth.middlewares.ts:98:15)
    at Layer.handleRequest (F:\Programming\Projects\HabStreak\backend\node_modules\router\lib\layer.js:152:17)
    at next (F:\Programming\Projects\HabStreak\backend\node_modules\router\lib\route.js:157:13)
    at Route.dispatch (F:\Programming\Projects\HabStreak\backend\node_modules\router\lib\route.js:117:3)
    at handle (F:\Programming\Projects\HabStreak\backend\node_modules\router\index.js:435:11)
    at Layer.handleRequest (F:\Programming\Projects\HabStreak\backend\node_modules\router\lib\layer.js:152:17)
    at F:\Programming\Projects\HabStreak\backend\node_modules\router\index.js:295:15
    at processParams (F:\Programming\Projects\HabStreak\backend\node_modules\router\index.js:582:12)
    at next (F:\Programming\Projects\HabStreak\backend\node_modules\router\index.js:291:5)
    at router.handle (F:\Programming\Projects\HabStreak\backend\node_modules\router\index.js:186:3)
[2026-09-27 23:31:54] INFO: POST /api/tasks/ | 401 | 12 ms | IP: ::1
[2026-09-27 23:32:03] ERROR: Error: Invalid token.
    at authenticateUser (file:///F:/Programming/Projects/HabStreak/backend/Middlewares/auth.middlewares.ts:94:19)
    at Layer.handleRequest (F:\Programming\Projects\HabStreak\backend\node_modules\router\lib\layer.js:152:17)
    at next (F:\Programming\Projects\HabStreak\backend\node_modules\router\lib\route.js:157:13)
    at Route.dispatch (F:\Programming\Projects\HabStreak\backend\node_modules\router\lib\route.js:117:3)
    at handle (F:\Programming\Projects\HabStreak\backend\node_modules\router\index.js:435:11)
    at Layer.handleRequest (F:\Programming\Projects\HabStreak\backend\node_modules\router\lib\layer.js:152:17)
    at F:\Programming\Projects\HabStreak\backend\node_modules\router\index.js:295:15
    at processParams (F:\Programming\Projects\HabStreak\backend\node_modules\router\index.js:582:12)
    at next (F:\Programming\Projects\HabStreak\backend\node_modules\router\index.js:291:5)
    at router.handle (F:\Programming\Projects\HabStreak\backend\node_modules\router\index.js:186:3)
[2026-09-27 23:32:03] INFO: POST /api/tasks/ | 401 | 4 ms | IP: ::1
[2026-09-27 23:32:04] ERROR: Error: Invalid token.
    at authenticateUser (file:///F:/Programming/Projects/HabStreak/backend/Middlewares/auth.middlewares.ts:94:19)
    at Layer.handleRequest (F:\Programming\Projects\HabStreak\backend\node_modules\router\lib\layer.js:152:17)
    at next (F:\Programming\Projects\HabStreak\backend\node_modules\router\lib\route.js:157:13)
    at Route.dispatch (F:\Programming\Projects\HabStreak\backend\node_modules\router\lib\route.js:117:3)
    at handle (F:\Programming\Projects\HabStreak\backend\node_modules\router\index.js:435:11)
    at Layer.handleRequest (F:\Programming\Projects\HabStreak\backend\node_modules\router\lib\layer.js:152:17)
    at F:\Programming\Projects\HabStreak\backend\node_modules\router\index.js:295:15
    at processParams (F:\Programming\Projects\HabStreak\backend\node_modules\router\index.js:582:12)
    at next (F:\Programming\Projects\HabStreak\backend\node_modules\router\index.js:291:5)
    at router.handle (F:\Programming\Projects\HabStreak\backend\node_modules\router\index.js:186:3)
[2026-09-27 23:32:04] INFO: POST /api/tasks/ | 401 | 9 ms | IP: ::1
[2026-09-27 23:32:05] ERROR: Error: Invalid token.
    at authenticateUser (file:///F:/Programming/Projects/HabStreak/backend/Middlewares/auth.middlewares.ts:94:19)
    at Layer.handleRequest (F:\Programming\Projects\HabStreak\backend\node_modules\router\lib\layer.js:152:17)
    at next (F:\Programming\Projects\HabStreak\backend\node_modules\router\lib\route.js:157:13)
    at Route.dispatch (F:\Programming\Projects\HabStreak\backend\node_modules\router\lib\route.js:117:3)
    at handle (F:\Programming\Projects\HabStreak\backend\node_modules\router\index.js:435:11)
    at Layer.handleRequest (F:\Programming\Projects\HabStreak\backend\node_modules\router\lib\layer.js:152:17)
    at F:\Programming\Projects\HabStreak\backend\node_modules\router\index.js:295:15
    at processParams (F:\Programming\Projects\HabStreak\backend\node_modules\router\index.js:582:12)
    at next (F:\Programming\Projects\HabStreak\backend\node_modules\router\index.js:291:5)
    at router.handle (F:\Programming\Projects\HabStreak\backend\node_modules\router\index.js:186:3)
[2026-09-27 23:32:05] INFO: POST /api/tasks/ | 401 | 12 ms | IP: ::1
[2026-09-27 23:32:32] ERROR: Error: Invalid token.
    at authenticateUser (file:///F:/Programming/Projects/HabStreak/backend/Middlewares/auth.middlewares.ts:94:19)
    at Layer.handleRequest (F:\Programming\Projects\HabStreak\backend\node_modules\router\lib\layer.js:152:17)
    at next (F:\Programming\Projects\HabStreak\backend\node_modules\router\lib\route.js:157:13)
    at Route.dispatch (F:\Programming\Projects\HabStreak\backend\node_modules\router\lib\route.js:117:3)
    at handle (F:\Programming\Projects\HabStreak\backend\node_modules\router\index.js:435:11)
    at Layer.handleRequest (F:\Programming\Projects\HabStreak\backend\node_modules\router\lib\layer.js:152:17)
    at F:\Programming\Projects\HabStreak\backend\node_modules\router\index.js:295:15
    at processParams (F:\Programming\Projects\HabStreak\backend\node_modules\router\index.js:582:12)
    at next (F:\Programming\Projects\HabStreak\backend\node_modules\router\index.js:291:5)
    at router.handle (F:\Programming\Projects\HabStreak\backend\node_modules\router\index.js:186:3)
[2026-09-27 23:32:32] INFO: POST /api/tasks/ | 401 | 3 ms | IP: ::1
[2026-09-27 23:32:33] ERROR: Error: Invalid token.
    at authenticateUser (file:///F:/Programming/Projects/HabStreak/backend/Middlewares/auth.middlewares.ts:94:19)
    at Layer.handleRequest (F:\Programming\Projects\HabStreak\backend\node_modules\router\lib\layer.js:152:17)
    at next (F:\Programming\Projects\HabStreak\backend\node_modules\router\lib\route.js:157:13)
    at Route.dispatch (F:\Programming\Projects\HabStreak\backend\node_modules\router\lib\route.js:117:3)
    at handle (F:\Programming\Projects\HabStreak\backend\node_modules\router\index.js:435:11)
    at Layer.handleRequest (F:\Programming\Projects\HabStreak\backend\node_modules\router\lib\layer.js:152:17)
    at F:\Programming\Projects\HabStreak\backend\node_modules\router\index.js:295:15
    at processParams (F:\Programming\Projects\HabStreak\backend\node_modules\router\index.js:582:12)
    at next (F:\Programming\Projects\HabStreak\backend\node_modules\router\index.js:291:5)
    at router.handle (F:\Programming\Projects\HabStreak\backend\node_modules\router\index.js:186:3)
[2026-09-27 23:32:33] INFO: POST /api/tasks/ | 401 | 5 ms | IP: ::1
[2026-09-27 23:41:13] ERROR: Error: Email is already registered.
    at file:///F:/Programming/Projects/HabStreak/backend/Controllers/auth.controller.ts:33:15
[2026-09-27 23:41:13] INFO: POST /api/auth/register | 409 | 1083 ms | IP: ::1
[2026-09-27 23:41:31] INFO: POST /api/auth/login | 200 | 316 ms | IP: ::1
[2026-09-27 23:42:42] ERROR: Error: Invalid token.
    at authenticateUser (file:///F:/Programming/Projects/HabStreak/backend/Middlewares/auth.middlewares.ts:94:19)
    at Layer.handleRequest (F:\Programming\Projects\HabStreak\backend\node_modules\router\lib\layer.js:152:17)
    at next (F:\Programming\Projects\HabStreak\backend\node_modules\router\lib\route.js:157:13)
    at Route.dispatch (F:\Programming\Projects\HabStreak\backend\node_modules\router\lib\route.js:117:3)
    at handle (F:\Programming\Projects\HabStreak\backend\node_modules\router\index.js:435:11)
    at Layer.handleRequest (F:\Programming\Projects\HabStreak\backend\node_modules\router\lib\layer.js:152:17)
    at F:\Programming\Projects\HabStreak\backend\node_modules\router\index.js:295:15
    at processParams (F:\Programming\Projects\HabStreak\backend\node_modules\router\index.js:582:12)
    at next (F:\Programming\Projects\HabStreak\backend\node_modules\router\index.js:291:5)
    at router.handle (F:\Programming\Projects\HabStreak\backend\node_modules\router\index.js:186:3)
[2026-09-27 23:42:42] INFO: POST /api/tasks/ | 401 | 8 ms | IP: ::1
[2026-09-27 23:42:43] ERROR: Error: Invalid token.
    at authenticateUser (file:///F:/Programming/Projects/HabStreak/backend/Middlewares/auth.middlewares.ts:94:19)
    at Layer.handleRequest (F:\Programming\Projects\HabStreak\backend\node_modules\router\lib\layer.js:152:17)
    at next (F:\Programming\Projects\HabStreak\backend\node_modules\router\lib\route.js:157:13)
    at Route.dispatch (F:\Programming\Projects\HabStreak\backend\node_modules\router\lib\route.js:117:3)
    at handle (F:\Programming\Projects\HabStreak\backend\node_modules\router\index.js:435:11)
    at Layer.handleRequest (F:\Programming\Projects\HabStreak\backend\node_modules\router\lib\layer.js:152:17)
    at F:\Programming\Projects\HabStreak\backend\node_modules\router\index.js:295:15
    at processParams (F:\Programming\Projects\HabStreak\backend\node_modules\router\index.js:582:12)
    at next (F:\Programming\Projects\HabStreak\backend\node_modules\router\index.js:291:5)
    at router.handle (F:\Programming\Projects\HabStreak\backend\node_modules\router\index.js:186:3)
[2026-09-27 23:42:43] INFO: POST /api/tasks/ | 401 | 3 ms | IP: ::1
[2026-09-27 23:42:44] ERROR: Error: Invalid token.
    at authenticateUser (file:///F:/Programming/Projects/HabStreak/backend/Middlewares/auth.middlewares.ts:94:19)
    at Layer.handleRequest (F:\Programming\Projects\HabStreak\backend\node_modules\router\lib\layer.js:152:17)
    at next (F:\Programming\Projects\HabStreak\backend\node_modules\router\lib\route.js:157:13)
    at Route.dispatch (F:\Programming\Projects\HabStreak\backend\node_modules\router\lib\route.js:117:3)
    at handle (F:\Programming\Projects\HabStreak\backend\node_modules\router\index.js:435:11)
    at Layer.handleRequest (F:\Programming\Projects\HabStreak\backend\node_modules\router\lib\layer.js:152:17)
    at F:\Programming\Projects\HabStreak\backend\node_modules\router\index.js:295:15
    at processParams (F:\Programming\Projects\HabStreak\backend\node_modules\router\index.js:582:12)
    at next (F:\Programming\Projects\HabStreak\backend\node_modules\router\index.js:291:5)
    at router.handle (F:\Programming\Projects\HabStreak\backend\node_modules\router\index.js:186:3)
[2026-09-27 23:42:44] INFO: POST /api/tasks/ | 401 | 4 ms | IP: ::1
[2026-09-27 23:42:45] ERROR: Error: Invalid token.
    at authenticateUser (file:///F:/Programming/Projects/HabStreak/backend/Middlewares/auth.middlewares.ts:94:19)
    at Layer.handleRequest (F:\Programming\Projects\HabStreak\backend\node_modules\router\lib\layer.js:152:17)
    at next (F:\Programming\Projects\HabStreak\backend\node_modules\router\lib\route.js:157:13)
    at Route.dispatch (F:\Programming\Projects\HabStreak\backend\node_modules\router\lib\route.js:117:3)
    at handle (F:\Programming\Projects\HabStreak\backend\node_modules\router\index.js:435:11)
    at Layer.handleRequest (F:\Programming\Projects\HabStreak\backend\node_modules\router\lib\layer.js:152:17)
    at F:\Programming\Projects\HabStreak\backend\node_modules\router\index.js:295:15
    at processParams (F:\Programming\Projects\HabStreak\backend\node_modules\router\index.js:582:12)
    at next (F:\Programming\Projects\HabStreak\backend\node_modules\router\index.js:291:5)
    at router.handle (F:\Programming\Projects\HabStreak\backend\node_modules\router\index.js:186:3)
[2026-09-27 23:42:45] INFO: POST /api/tasks/ | 401 | 5 ms | IP: ::1
[2026-09-27 23:42:45] ERROR: Error: Invalid token.
    at authenticateUser (file:///F:/Programming/Projects/HabStreak/backend/Middlewares/auth.middlewares.ts:94:19)
    at Layer.handleRequest (F:\Programming\Projects\HabStreak\backend\node_modules\router\lib\layer.js:152:17)
    at next (F:\Programming\Projects\HabStreak\backend\node_modules\router\lib\route.js:157:13)
    at Route.dispatch (F:\Programming\Projects\HabStreak\backend\node_modules\router\lib\route.js:117:3)
    at handle (F:\Programming\Projects\HabStreak\backend\node_modules\router\index.js:435:11)
    at Layer.handleRequest (F:\Programming\Projects\HabStreak\backend\node_modules\router\lib\layer.js:152:17)
    at F:\Programming\Projects\HabStreak\backend\node_modules\router\index.js:295:15
    at processParams (F:\Programming\Projects\HabStreak\backend\node_modules\router\index.js:582:12)
    at next (F:\Programming\Projects\HabStreak\backend\node_modules\router\index.js:291:5)
    at router.handle (F:\Programming\Projects\HabStreak\backend\node_modules\router\index.js:186:3)
[2026-09-27 23:42:45] INFO: POST /api/tasks/ | 401 | 2 ms | IP: ::1
[2026-09-27 23:43:01] INFO: Server is running on http://localhost:3000
[2026-09-27 23:43:07] ERROR: Error: Invalid token.
    at authenticateUser (file:///F:/Programming/Projects/HabStreak/backend/Middlewares/auth.middlewares.ts:94:19)
    at Layer.handleRequest (F:\Programming\Projects\HabStreak\backend\node_modules\router\lib\layer.js:152:17)
    at next (F:\Programming\Projects\HabStreak\backend\node_modules\router\lib\route.js:157:13)
    at Route.dispatch (F:\Programming\Projects\HabStreak\backend\node_modules\router\lib\route.js:117:3)
    at handle (F:\Programming\Projects\HabStreak\backend\node_modules\router\index.js:435:11)
    at Layer.handleRequest (F:\Programming\Projects\HabStreak\backend\node_modules\router\lib\layer.js:152:17)
    at F:\Programming\Projects\HabStreak\backend\node_modules\router\index.js:295:15
    at processParams (F:\Programming\Projects\HabStreak\backend\node_modules\router\index.js:582:12)
    at next (F:\Programming\Projects\HabStreak\backend\node_modules\router\index.js:291:5)
    at router.handle (F:\Programming\Projects\HabStreak\backend\node_modules\router\index.js:186:3)
[2026-09-27 23:43:07] INFO: POST /api/tasks/ | 401 | 20 ms | IP: ::1
[2026-09-27 23:44:12] ERROR: Error: Email is already registered.
    at file:///F:/Programming/Projects/HabStreak/backend/Controllers/auth.controller.ts:33:15
[2026-09-27 23:44:12] INFO: POST /api/auth/register | 409 | 119 ms | IP: ::1
[2026-09-27 23:44:27] INFO: POST /api/auth/login | 200 | 240 ms | IP: ::1
[2026-09-27 23:45:13] ERROR: Error: Invalid token.
    at authenticateUser (file:///F:/Programming/Projects/HabStreak/backend/Middlewares/auth.middlewares.ts:94:19)
    at Layer.handleRequest (F:\Programming\Projects\HabStreak\backend\node_modules\router\lib\layer.js:152:17)
    at next (F:\Programming\Projects\HabStreak\backend\node_modules\router\lib\route.js:157:13)
    at Route.dispatch (F:\Programming\Projects\HabStreak\backend\node_modules\router\lib\route.js:117:3)
    at handle (F:\Programming\Projects\HabStreak\backend\node_modules\router\index.js:435:11)
    at Layer.handleRequest (F:\Programming\Projects\HabStreak\backend\node_modules\router\lib\layer.js:152:17)
    at F:\Programming\Projects\HabStreak\backend\node_modules\router\index.js:295:15
    at processParams (F:\Programming\Projects\HabStreak\backend\node_modules\router\index.js:582:12)
    at next (F:\Programming\Projects\HabStreak\backend\node_modules\router\index.js:291:5)
    at router.handle (F:\Programming\Projects\HabStreak\backend\node_modules\router\index.js:186:3)
[2026-09-27 23:45:13] INFO: POST /api/tasks/ | 401 | 4 ms | IP: ::1
[2026-09-27 23:45:14] ERROR: Error: Invalid token.
    at authenticateUser (file:///F:/Programming/Projects/HabStreak/backend/Middlewares/auth.middlewares.ts:94:19)
    at Layer.handleRequest (F:\Programming\Projects\HabStreak\backend\node_modules\router\lib\layer.js:152:17)
    at next (F:\Programming\Projects\HabStreak\backend\node_modules\router\lib\route.js:157:13)
    at Route.dispatch (F:\Programming\Projects\HabStreak\backend\node_modules\router\lib\route.js:117:3)
    at handle (F:\Programming\Projects\HabStreak\backend\node_modules\router\index.js:435:11)
    at Layer.handleRequest (F:\Programming\Projects\HabStreak\backend\node_modules\router\lib\layer.js:152:17)
    at F:\Programming\Projects\HabStreak\backend\node_modules\router\index.js:295:15
    at processParams (F:\Programming\Projects\HabStreak\backend\node_modules\router\index.js:582:12)
    at next (F:\Programming\Projects\HabStreak\backend\node_modules\router\index.js:291:5)
    at router.handle (F:\Programming\Projects\HabStreak\backend\node_modules\router\index.js:186:3)
[2026-09-27 23:45:14] INFO: POST /api/tasks/ | 401 | 4 ms | IP: ::1
[2026-09-27 23:45:38] INFO: Server is running on http://localhost:3000
[2026-09-27 23:45:47] INFO: Server is running on http://localhost:3000
[2026-09-27 23:45:52] ERROR: Error: Invalid token.
    at authenticateUser (file:///F:/Programming/Projects/HabStreak/backend/Middlewares/auth.middlewares.ts:94:19)
    at Layer.handleRequest (F:\Programming\Projects\HabStreak\backend\node_modules\router\lib\layer.js:152:17)
    at trimPrefix (F:\Programming\Projects\HabStreak\backend\node_modules\router\index.js:342:13)
    at F:\Programming\Projects\HabStreak\backend\node_modules\router\index.js:297:9
    at processParams (F:\Programming\Projects\HabStreak\backend\node_modules\router\index.js:582:12)
    at next (F:\Programming\Projects\HabStreak\backend\node_modules\router\index.js:291:5)
    at loggerMiddleware (file:///F:/Programming/Projects/HabStreak/backend/Middlewares/logger.middleware.ts:19:5)
    at Layer.handleRequest (F:\Programming\Projects\HabStreak\backend\node_modules\router\lib\layer.js:152:17)
    at trimPrefix (F:\Programming\Projects\HabStreak\backend\node_modules\router\index.js:342:13)
    at F:\Programming\Projects\HabStreak\backend\node_modules\router\index.js:297:9
[2026-09-27 23:45:52] INFO: POST /api/tasks/ | 401 | 25 ms | IP: ::1
[2026-09-27 23:46:00] ERROR: Error: Invalid token.
    at authenticateUser (file:///F:/Programming/Projects/HabStreak/backend/Middlewares/auth.middlewares.ts:94:19)
    at Layer.handleRequest (F:\Programming\Projects\HabStreak\backend\node_modules\router\lib\layer.js:152:17)
    at trimPrefix (F:\Programming\Projects\HabStreak\backend\node_modules\router\index.js:342:13)
    at F:\Programming\Projects\HabStreak\backend\node_modules\router\index.js:297:9
    at processParams (F:\Programming\Projects\HabStreak\backend\node_modules\router\index.js:582:12)
    at next (F:\Programming\Projects\HabStreak\backend\node_modules\router\index.js:291:5)
    at loggerMiddleware (file:///F:/Programming/Projects/HabStreak/backend/Middlewares/logger.middleware.ts:19:5)
    at Layer.handleRequest (F:\Programming\Projects\HabStreak\backend\node_modules\router\lib\layer.js:152:17)
    at trimPrefix (F:\Programming\Projects\HabStreak\backend\node_modules\router\index.js:342:13)
    at F:\Programming\Projects\HabStreak\backend\node_modules\router\index.js:297:9
[2026-09-27 23:46:00] INFO: POST /api/tasks/ | 401 | 4 ms | IP: ::1
[2026-09-27 23:46:02] ERROR: Error: Invalid token.
    at authenticateUser (file:///F:/Programming/Projects/HabStreak/backend/Middlewares/auth.middlewares.ts:94:19)
    at Layer.handleRequest (F:\Programming\Projects\HabStreak\backend\node_modules\router\lib\layer.js:152:17)
    at trimPrefix (F:\Programming\Projects\HabStreak\backend\node_modules\router\index.js:342:13)
    at F:\Programming\Projects\HabStreak\backend\node_modules\router\index.js:297:9
    at processParams (F:\Programming\Projects\HabStreak\backend\node_modules\router\index.js:582:12)
    at next (F:\Programming\Projects\HabStreak\backend\node_modules\router\index.js:291:5)
    at loggerMiddleware (file:///F:/Programming/Projects/HabStreak/backend/Middlewares/logger.middleware.ts:19:5)
    at Layer.handleRequest (F:\Programming\Projects\HabStreak\backend\node_modules\router\lib\layer.js:152:17)
    at trimPrefix (F:\Programming\Projects\HabStreak\backend\node_modules\router\index.js:342:13)
    at F:\Programming\Projects\HabStreak\backend\node_modules\router\index.js:297:9
[2026-09-27 23:46:02] INFO: POST /api/tasks/ | 401 | 5 ms | IP: ::1
[2026-09-27 23:46:02] ERROR: Error: Invalid token.
    at authenticateUser (file:///F:/Programming/Projects/HabStreak/backend/Middlewares/auth.middlewares.ts:94:19)
    at Layer.handleRequest (F:\Programming\Projects\HabStreak\backend\node_modules\router\lib\layer.js:152:17)
    at trimPrefix (F:\Programming\Projects\HabStreak\backend\node_modules\router\index.js:342:13)
    at F:\Programming\Projects\HabStreak\backend\node_modules\router\index.js:297:9
    at processParams (F:\Programming\Projects\HabStreak\backend\node_modules\router\index.js:582:12)
    at next (F:\Programming\Projects\HabStreak\backend\node_modules\router\index.js:291:5)
    at loggerMiddleware (file:///F:/Programming/Projects/HabStreak/backend/Middlewares/logger.middleware.ts:19:5)
    at Layer.handleRequest (F:\Programming\Projects\HabStreak\backend\node_modules\router\lib\layer.js:152:17)
    at trimPrefix (F:\Programming\Projects\HabStreak\backend\node_modules\router\index.js:342:13)
    at F:\Programming\Projects\HabStreak\backend\node_modules\router\index.js:297:9
[2026-09-27 23:46:02] INFO: POST /api/tasks/ | 401 | 5 ms | IP: ::1
[2026-09-27 23:46:03] ERROR: Error: Invalid token.
    at authenticateUser (file:///F:/Programming/Projects/HabStreak/backend/Middlewares/auth.middlewares.ts:94:19)
    at Layer.handleRequest (F:\Programming\Projects\HabStreak\backend\node_modules\router\lib\layer.js:152:17)
    at trimPrefix (F:\Programming\Projects\HabStreak\backend\node_modules\router\index.js:342:13)
    at F:\Programming\Projects\HabStreak\backend\node_modules\router\index.js:297:9
    at processParams (F:\Programming\Projects\HabStreak\backend\node_modules\router\index.js:582:12)
    at next (F:\Programming\Projects\HabStreak\backend\node_modules\router\index.js:291:5)
    at loggerMiddleware (file:///F:/Programming/Projects/HabStreak/backend/Middlewares/logger.middleware.ts:19:5)
    at Layer.handleRequest (F:\Programming\Projects\HabStreak\backend\node_modules\router\lib\layer.js:152:17)
    at trimPrefix (F:\Programming\Projects\HabStreak\backend\node_modules\router\index.js:342:13)
    at F:\Programming\Projects\HabStreak\backend\node_modules\router\index.js:297:9
[2026-09-27 23:46:03] INFO: POST /api/tasks/ | 401 | 5 ms | IP: ::1
[2026-09-27 23:46:04] ERROR: Error: Invalid token.
    at authenticateUser (file:///F:/Programming/Projects/HabStreak/backend/Middlewares/auth.middlewares.ts:94:19)
    at Layer.handleRequest (F:\Programming\Projects\HabStreak\backend\node_modules\router\lib\layer.js:152:17)
    at trimPrefix (F:\Programming\Projects\HabStreak\backend\node_modules\router\index.js:342:13)
    at F:\Programming\Projects\HabStreak\backend\node_modules\router\index.js:297:9
    at processParams (F:\Programming\Projects\HabStreak\backend\node_modules\router\index.js:582:12)
    at next (F:\Programming\Projects\HabStreak\backend\node_modules\router\index.js:291:5)
    at loggerMiddleware (file:///F:/Programming/Projects/HabStreak/backend/Middlewares/logger.middleware.ts:19:5)
    at Layer.handleRequest (F:\Programming\Projects\HabStreak\backend\node_modules\router\lib\layer.js:152:17)
    at trimPrefix (F:\Programming\Projects\HabStreak\backend\node_modules\router\index.js:342:13)
    at F:\Programming\Projects\HabStreak\backend\node_modules\router\index.js:297:9
[2026-09-27 23:46:04] INFO: POST /api/tasks/ | 401 | 4 ms | IP: ::1
[2026-09-27 23:46:05] ERROR: Error: Invalid token.
    at authenticateUser (file:///F:/Programming/Projects/HabStreak/backend/Middlewares/auth.middlewares.ts:94:19)
    at Layer.handleRequest (F:\Programming\Projects\HabStreak\backend\node_modules\router\lib\layer.js:152:17)
    at trimPrefix (F:\Programming\Projects\HabStreak\backend\node_modules\router\index.js:342:13)
    at F:\Programming\Projects\HabStreak\backend\node_modules\router\index.js:297:9
    at processParams (F:\Programming\Projects\HabStreak\backend\node_modules\router\index.js:582:12)
    at next (F:\Programming\Projects\HabStreak\backend\node_modules\router\index.js:291:5)
    at loggerMiddleware (file:///F:/Programming/Projects/HabStreak/backend/Middlewares/logger.middleware.ts:19:5)
    at Layer.handleRequest (F:\Programming\Projects\HabStreak\backend\node_modules\router\lib\layer.js:152:17)
    at trimPrefix (F:\Programming\Projects\HabStreak\backend\node_modules\router\index.js:342:13)
    at F:\Programming\Projects\HabStreak\backend\node_modules\router\index.js:297:9
[2026-09-27 23:46:05] INFO: POST /api/tasks/ | 401 | 4 ms | IP: ::1
[2026-09-27 23:46:05] ERROR: Error: Invalid token.
    at authenticateUser (file:///F:/Programming/Projects/HabStreak/backend/Middlewares/auth.middlewares.ts:94:19)
    at Layer.handleRequest (F:\Programming\Projects\HabStreak\backend\node_modules\router\lib\layer.js:152:17)
    at trimPrefix (F:\Programming\Projects\HabStreak\backend\node_modules\router\index.js:342:13)
    at F:\Programming\Projects\HabStreak\backend\node_modules\router\index.js:297:9
    at processParams (F:\Programming\Projects\HabStreak\backend\node_modules\router\index.js:582:12)
    at next (F:\Programming\Projects\HabStreak\backend\node_modules\router\index.js:291:5)
    at loggerMiddleware (file:///F:/Programming/Projects/HabStreak/backend/Middlewares/logger.middleware.ts:19:5)
    at Layer.handleRequest (F:\Programming\Projects\HabStreak\backend\node_modules\router\lib\layer.js:152:17)
    at trimPrefix (F:\Programming\Projects\HabStreak\backend\node_modules\router\index.js:342:13)
    at F:\Programming\Projects\HabStreak\backend\node_modules\router\index.js:297:9
[2026-09-27 23:46:05] INFO: POST /api/tasks/ | 401 | 2 ms | IP: ::1
[2026-09-27 23:46:06] ERROR: Error: Invalid token.
    at authenticateUser (file:///F:/Programming/Projects/HabStreak/backend/Middlewares/auth.middlewares.ts:94:19)
    at Layer.handleRequest (F:\Programming\Projects\HabStreak\backend\node_modules\router\lib\layer.js:152:17)
    at trimPrefix (F:\Programming\Projects\HabStreak\backend\node_modules\router\index.js:342:13)
    at F:\Programming\Projects\HabStreak\backend\node_modules\router\index.js:297:9
    at processParams (F:\Programming\Projects\HabStreak\backend\node_modules\router\index.js:582:12)
    at next (F:\Programming\Projects\HabStreak\backend\node_modules\router\index.js:291:5)
    at loggerMiddleware (file:///F:/Programming/Projects/HabStreak/backend/Middlewares/logger.middleware.ts:19:5)
    at Layer.handleRequest (F:\Programming\Projects\HabStreak\backend\node_modules\router\lib\layer.js:152:17)
    at trimPrefix (F:\Programming\Projects\HabStreak\backend\node_modules\router\index.js:342:13)
    at F:\Programming\Projects\HabStreak\backend\node_modules\router\index.js:297:9
[2026-09-27 23:46:06] INFO: POST /api/tasks/ | 401 | 4 ms | IP: ::1
[2026-09-27 23:46:06] ERROR: Error: Invalid token.
    at authenticateUser (file:///F:/Programming/Projects/HabStreak/backend/Middlewares/auth.middlewares.ts:94:19)
    at Layer.handleRequest (F:\Programming\Projects\HabStreak\backend\node_modules\router\lib\layer.js:152:17)
    at trimPrefix (F:\Programming\Projects\HabStreak\backend\node_modules\router\index.js:342:13)
    at F:\Programming\Projects\HabStreak\backend\node_modules\router\index.js:297:9
    at processParams (F:\Programming\Projects\HabStreak\backend\node_modules\router\index.js:582:12)
    at next (F:\Programming\Projects\HabStreak\backend\node_modules\router\index.js:291:5)
    at loggerMiddleware (file:///F:/Programming/Projects/HabStreak/backend/Middlewares/logger.middleware.ts:19:5)
    at Layer.handleRequest (F:\Programming\Projects\HabStreak\backend\node_modules\router\lib\layer.js:152:17)
    at trimPrefix (F:\Programming\Projects\HabStreak\backend\node_modules\router\index.js:342:13)
    at F:\Programming\Projects\HabStreak\backend\node_modules\router\index.js:297:9
[2026-09-27 23:46:06] INFO: POST /api/tasks/ | 401 | 5 ms | IP: ::1
[2026-09-27 23:46:07] ERROR: Error: Invalid token.
    at authenticateUser (file:///F:/Programming/Projects/HabStreak/backend/Middlewares/auth.middlewares.ts:94:19)
    at Layer.handleRequest (F:\Programming\Projects\HabStreak\backend\node_modules\router\lib\layer.js:152:17)
    at trimPrefix (F:\Programming\Projects\HabStreak\backend\node_modules\router\index.js:342:13)
    at F:\Programming\Projects\HabStreak\backend\node_modules\router\index.js:297:9
    at processParams (F:\Programming\Projects\HabStreak\backend\node_modules\router\index.js:582:12)
    at next (F:\Programming\Projects\HabStreak\backend\node_modules\router\index.js:291:5)
    at loggerMiddleware (file:///F:/Programming/Projects/HabStreak/backend/Middlewares/logger.middleware.ts:19:5)
    at Layer.handleRequest (F:\Programming\Projects\HabStreak\backend\node_modules\router\lib\layer.js:152:17)
    at trimPrefix (F:\Programming\Projects\HabStreak\backend\node_modules\router\index.js:342:13)
    at F:\Programming\Projects\HabStreak\backend\node_modules\router\index.js:297:9
[2026-09-27 23:46:07] INFO: POST /api/tasks/ | 401 | 3 ms | IP: ::1
[2026-09-27 23:46:07] ERROR: Error: Invalid token.
    at authenticateUser (file:///F:/Programming/Projects/HabStreak/backend/Middlewares/auth.middlewares.ts:94:19)
    at Layer.handleRequest (F:\Programming\Projects\HabStreak\backend\node_modules\router\lib\layer.js:152:17)
    at trimPrefix (F:\Programming\Projects\HabStreak\backend\node_modules\router\index.js:342:13)
    at F:\Programming\Projects\HabStreak\backend\node_modules\router\index.js:297:9
    at processParams (F:\Programming\Projects\HabStreak\backend\node_modules\router\index.js:582:12)
    at next (F:\Programming\Projects\HabStreak\backend\node_modules\router\index.js:291:5)
    at loggerMiddleware (file:///F:/Programming/Projects/HabStreak/backend/Middlewares/logger.middleware.ts:19:5)
    at Layer.handleRequest (F:\Programming\Projects\HabStreak\backend\node_modules\router\lib\layer.js:152:17)
    at trimPrefix (F:\Programming\Projects\HabStreak\backend\node_modules\router\index.js:342:13)
    at F:\Programming\Projects\HabStreak\backend\node_modules\router\index.js:297:9
[2026-09-27 23:46:07] INFO: POST /api/tasks/ | 401 | 3 ms | IP: ::1
[2026-09-27 23:46:08] ERROR: Error: Invalid token.
    at authenticateUser (file:///F:/Programming/Projects/HabStreak/backend/Middlewares/auth.middlewares.ts:94:19)
    at Layer.handleRequest (F:\Programming\Projects\HabStreak\backend\node_modules\router\lib\layer.js:152:17)
    at trimPrefix (F:\Programming\Projects\HabStreak\backend\node_modules\router\index.js:342:13)
    at F:\Programming\Projects\HabStreak\backend\node_modules\router\index.js:297:9
    at processParams (F:\Programming\Projects\HabStreak\backend\node_modules\router\index.js:582:12)
    at next (F:\Programming\Projects\HabStreak\backend\node_modules\router\index.js:291:5)
    at loggerMiddleware (file:///F:/Programming/Projects/HabStreak/backend/Middlewares/logger.middleware.ts:19:5)
    at Layer.handleRequest (F:\Programming\Projects\HabStreak\backend\node_modules\router\lib\layer.js:152:17)
    at trimPrefix (F:\Programming\Projects\HabStreak\backend\node_modules\router\index.js:342:13)
    at F:\Programming\Projects\HabStreak\backend\node_modules\router\index.js:297:9
[2026-09-27 23:46:08] INFO: POST /api/tasks/ | 401 | 3 ms | IP: ::1
[2026-09-27 23:46:08] ERROR: Error: Invalid token.
    at authenticateUser (file:///F:/Programming/Projects/HabStreak/backend/Middlewares/auth.middlewares.ts:94:19)
    at Layer.handleRequest (F:\Programming\Projects\HabStreak\backend\node_modules\router\lib\layer.js:152:17)
    at trimPrefix (F:\Programming\Projects\HabStreak\backend\node_modules\router\index.js:342:13)
    at F:\Programming\Projects\HabStreak\backend\node_modules\router\index.js:297:9
    at processParams (F:\Programming\Projects\HabStreak\backend\node_modules\router\index.js:582:12)
    at next (F:\Programming\Projects\HabStreak\backend\node_modules\router\index.js:291:5)
    at loggerMiddleware (file:///F:/Programming/Projects/HabStreak/backend/Middlewares/logger.middleware.ts:19:5)
    at Layer.handleRequest (F:\Programming\Projects\HabStreak\backend\node_modules\router\lib\layer.js:152:17)
    at trimPrefix (F:\Programming\Projects\HabStreak\backend\node_modules\router\index.js:342:13)
    at F:\Programming\Projects\HabStreak\backend\node_modules\router\index.js:297:9
[2026-09-27 23:46:08] INFO: POST /api/tasks/ | 401 | 3 ms | IP: ::1
[2026-09-27 23:46:08] ERROR: Error: Invalid token.
    at authenticateUser (file:///F:/Programming/Projects/HabStreak/backend/Middlewares/auth.middlewares.ts:94:19)
    at Layer.handleRequest (F:\Programming\Projects\HabStreak\backend\node_modules\router\lib\layer.js:152:17)
    at trimPrefix (F:\Programming\Projects\HabStreak\backend\node_modules\router\index.js:342:13)
    at F:\Programming\Projects\HabStreak\backend\node_modules\router\index.js:297:9
    at processParams (F:\Programming\Projects\HabStreak\backend\node_modules\router\index.js:582:12)
    at next (F:\Programming\Projects\HabStreak\backend\node_modules\router\index.js:291:5)
    at loggerMiddleware (file:///F:/Programming/Projects/HabStreak/backend/Middlewares/logger.middleware.ts:19:5)
    at Layer.handleRequest (F:\Programming\Projects\HabStreak\backend\node_modules\router\lib\layer.js:152:17)
    at trimPrefix (F:\Programming\Projects\HabStreak\backend\node_modules\router\index.js:342:13)
    at F:\Programming\Projects\HabStreak\backend\node_modules\router\index.js:297:9
[2026-09-27 23:46:08] INFO: POST /api/tasks/ | 401 | 3 ms | IP: ::1
[2026-09-27 23:46:08] ERROR: Error: Invalid token.
    at authenticateUser (file:///F:/Programming/Projects/HabStreak/backend/Middlewares/auth.middlewares.ts:94:19)
    at Layer.handleRequest (F:\Programming\Projects\HabStreak\backend\node_modules\router\lib\layer.js:152:17)
    at trimPrefix (F:\Programming\Projects\HabStreak\backend\node_modules\router\index.js:342:13)
    at F:\Programming\Projects\HabStreak\backend\node_modules\router\index.js:297:9
    at processParams (F:\Programming\Projects\HabStreak\backend\node_modules\router\index.js:582:12)
    at next (F:\Programming\Projects\HabStreak\backend\node_modules\router\index.js:291:5)
    at loggerMiddleware (file:///F:/Programming/Projects/HabStreak/backend/Middlewares/logger.middleware.ts:19:5)
    at Layer.handleRequest (F:\Programming\Projects\HabStreak\backend\node_modules\router\lib\layer.js:152:17)
    at trimPrefix (F:\Programming\Projects\HabStreak\backend\node_modules\router\index.js:342:13)
    at F:\Programming\Projects\HabStreak\backend\node_modules\router\index.js:297:9
[2026-09-27 23:46:08] INFO: POST /api/tasks/ | 401 | 3 ms | IP: ::1
[2026-09-27 23:46:09] ERROR: Error: Invalid token.
    at authenticateUser (file:///F:/Programming/Projects/HabStreak/backend/Middlewares/auth.middlewares.ts:94:19)
    at Layer.handleRequest (F:\Programming\Projects\HabStreak\backend\node_modules\router\lib\layer.js:152:17)
    at trimPrefix (F:\Programming\Projects\HabStreak\backend\node_modules\router\index.js:342:13)
    at F:\Programming\Projects\HabStreak\backend\node_modules\router\index.js:297:9
    at processParams (F:\Programming\Projects\HabStreak\backend\node_modules\router\index.js:582:12)
    at next (F:\Programming\Projects\HabStreak\backend\node_modules\router\index.js:291:5)
    at loggerMiddleware (file:///F:/Programming/Projects/HabStreak/backend/Middlewares/logger.middleware.ts:19:5)
    at Layer.handleRequest (F:\Programming\Projects\HabStreak\backend\node_modules\router\lib\layer.js:152:17)
    at trimPrefix (F:\Programming\Projects\HabStreak\backend\node_modules\router\index.js:342:13)
    at F:\Programming\Projects\HabStreak\backend\node_modules\router\index.js:297:9
[2026-09-27 23:46:09] INFO: POST /api/tasks/ | 401 | 3 ms | IP: ::1
[2026-09-27 23:46:09] ERROR: Error: Invalid token.
    at authenticateUser (file:///F:/Programming/Projects/HabStreak/backend/Middlewares/auth.middlewares.ts:94:19)
    at Layer.handleRequest (F:\Programming\Projects\HabStreak\backend\node_modules\router\lib\layer.js:152:17)
    at trimPrefix (F:\Programming\Projects\HabStreak\backend\node_modules\router\index.js:342:13)
    at F:\Programming\Projects\HabStreak\backend\node_modules\router\index.js:297:9
    at processParams (F:\Programming\Projects\HabStreak\backend\node_modules\router\index.js:582:12)
    at next (F:\Programming\Projects\HabStreak\backend\node_modules\router\index.js:291:5)
    at loggerMiddleware (file:///F:/Programming/Projects/HabStreak/backend/Middlewares/logger.middleware.ts:19:5)
    at Layer.handleRequest (F:\Programming\Projects\HabStreak\backend\node_modules\router\lib\layer.js:152:17)
    at trimPrefix (F:\Programming\Projects\HabStreak\backend\node_modules\router\index.js:342:13)
    at F:\Programming\Projects\HabStreak\backend\node_modules\router\index.js:297:9
[2026-09-27 23:46:09] INFO: POST /api/tasks/ | 401 | 3 ms | IP: ::1
[2026-09-27 23:46:09] ERROR: Error: Invalid token.
    at authenticateUser (file:///F:/Programming/Projects/HabStreak/backend/Middlewares/auth.middlewares.ts:94:19)
    at Layer.handleRequest (F:\Programming\Projects\HabStreak\backend\node_modules\router\lib\layer.js:152:17)
    at trimPrefix (F:\Programming\Projects\HabStreak\backend\node_modules\router\index.js:342:13)
    at F:\Programming\Projects\HabStreak\backend\node_modules\router\index.js:297:9
    at processParams (F:\Programming\Projects\HabStreak\backend\node_modules\router\index.js:582:12)
    at next (F:\Programming\Projects\HabStreak\backend\node_modules\router\index.js:291:5)
    at loggerMiddleware (file:///F:/Programming/Projects/HabStreak/backend/Middlewares/logger.middleware.ts:19:5)
    at Layer.handleRequest (F:\Programming\Projects\HabStreak\backend\node_modules\router\lib\layer.js:152:17)
    at trimPrefix (F:\Programming\Projects\HabStreak\backend\node_modules\router\index.js:342:13)
    at F:\Programming\Projects\HabStreak\backend\node_modules\router\index.js:297:9
[2026-09-27 23:46:09] INFO: POST /api/tasks/ | 401 | 3 ms | IP: ::1
[2026-09-27 23:46:09] ERROR: Error: Invalid token.
    at authenticateUser (file:///F:/Programming/Projects/HabStreak/backend/Middlewares/auth.middlewares.ts:94:19)
    at Layer.handleRequest (F:\Programming\Projects\HabStreak\backend\node_modules\router\lib\layer.js:152:17)
    at trimPrefix (F:\Programming\Projects\HabStreak\backend\node_modules\router\index.js:342:13)
    at F:\Programming\Projects\HabStreak\backend\node_modules\router\index.js:297:9
    at processParams (F:\Programming\Projects\HabStreak\backend\node_modules\router\index.js:582:12)
    at next (F:\Programming\Projects\HabStreak\backend\node_modules\router\index.js:291:5)
    at loggerMiddleware (file:///F:/Programming/Projects/HabStreak/backend/Middlewares/logger.middleware.ts:19:5)
    at Layer.handleRequest (F:\Programming\Projects\HabStreak\backend\node_modules\router\lib\layer.js:152:17)
    at trimPrefix (F:\Programming\Projects\HabStreak\backend\node_modules\router\index.js:342:13)
    at F:\Programming\Projects\HabStreak\backend\node_modules\router\index.js:297:9
[2026-09-27 23:46:09] INFO: POST /api/tasks/ | 401 | 3 ms | IP: ::1
[2026-09-27 23:46:10] ERROR: Error: Invalid token.
    at authenticateUser (file:///F:/Programming/Projects/HabStreak/backend/Middlewares/auth.middlewares.ts:94:19)
    at Layer.handleRequest (F:\Programming\Projects\HabStreak\backend\node_modules\router\lib\layer.js:152:17)
    at trimPrefix (F:\Programming\Projects\HabStreak\backend\node_modules\router\index.js:342:13)
    at F:\Programming\Projects\HabStreak\backend\node_modules\router\index.js:297:9
    at processParams (F:\Programming\Projects\HabStreak\backend\node_modules\router\index.js:582:12)
    at next (F:\Programming\Projects\HabStreak\backend\node_modules\router\index.js:291:5)
    at loggerMiddleware (file:///F:/Programming/Projects/HabStreak/backend/Middlewares/logger.middleware.ts:19:5)
    at Layer.handleRequest (F:\Programming\Projects\HabStreak\backend\node_modules\router\lib\layer.js:152:17)
    at trimPrefix (F:\Programming\Projects\HabStreak\backend\node_modules\router\index.js:342:13)
    at F:\Programming\Projects\HabStreak\backend\node_modules\router\index.js:297:9
[2026-09-27 23:46:10] INFO: POST /api/tasks/ | 401 | 3 ms | IP: ::1
[2026-09-27 23:46:10] ERROR: Error: Invalid token.
    at authenticateUser (file:///F:/Programming/Projects/HabStreak/backend/Middlewares/auth.middlewares.ts:94:19)
    at Layer.handleRequest (F:\Programming\Projects\HabStreak\backend\node_modules\router\lib\layer.js:152:17)
    at trimPrefix (F:\Programming\Projects\HabStreak\backend\node_modules\router\index.js:342:13)
    at F:\Programming\Projects\HabStreak\backend\node_modules\router\index.js:297:9
    at processParams (F:\Programming\Projects\HabStreak\backend\node_modules\router\index.js:582:12)
    at next (F:\Programming\Projects\HabStreak\backend\node_modules\router\index.js:291:5)
    at loggerMiddleware (file:///F:/Programming/Projects/HabStreak/backend/Middlewares/logger.middleware.ts:19:5)
    at Layer.handleRequest (F:\Programming\Projects\HabStreak\backend\node_modules\router\lib\layer.js:152:17)
    at trimPrefix (F:\Programming\Projects\HabStreak\backend\node_modules\router\index.js:342:13)
    at F:\Programming\Projects\HabStreak\backend\node_modules\router\index.js:297:9
[2026-09-27 23:46:10] INFO: POST /api/tasks/ | 401 | 2 ms | IP: ::1
[2026-09-29 23:27:19] INFO: Server is running on http://localhost:3000
[2026-10-05 20:56:56] INFO: Server is running on http://localhost:3000
[2026-10-05 20:58:13] ERROR: Error: Refresh token is missing or invalid.
    at file:///F:/Programming/Projects/HabStreak/backend/Controllers/auth.controller.ts:193:13
    at file:///F:/Programming/Projects/HabStreak/backend/utils/AsyncHandler.ts:3:104
    at Layer.handleRequest (F:\Programming\Projects\HabStreak\backend\node_modules\router\lib\layer.js:152:17)
    at next (F:\Programming\Projects\HabStreak\backend\node_modules\router\lib\route.js:157:13)
    at file:///F:/Programming/Projects/HabStreak/backend/node_modules/express-rate-limit/dist/index.mjs:1015:7
    at processTicksAndRejections (node:internal/process/task_queues:104:5)
    at async file:///F:/Programming/Projects/HabStreak/backend/node_modules/express-rate-limit/dist/index.mjs:835:5
[2026-10-05 20:58:13] INFO: POST /api/auth/refresh | 401 | 40 ms | IP: ::1
[2026-10-05 20:58:16] ERROR: Error: Refresh token is missing or invalid.
    at file:///F:/Programming/Projects/HabStreak/backend/Controllers/auth.controller.ts:193:13
    at file:///F:/Programming/Projects/HabStreak/backend/utils/AsyncHandler.ts:3:104
    at Layer.handleRequest (F:\Programming\Projects\HabStreak\backend\node_modules\router\lib\layer.js:152:17)
    at next (F:\Programming\Projects\HabStreak\backend\node_modules\router\lib\route.js:157:13)
    at file:///F:/Programming/Projects/HabStreak/backend/node_modules/express-rate-limit/dist/index.mjs:1015:7
    at processTicksAndRejections (node:internal/process/task_queues:104:5)
    at async file:///F:/Programming/Projects/HabStreak/backend/node_modules/express-rate-limit/dist/index.mjs:835:5
[2026-10-05 20:58:16] INFO: POST /api/auth/refresh | 401 | 6 ms | IP: ::1
[2026-10-05 20:58:36] INFO: POST /api/auth/register | 201 | 5399 ms | IP: ::1
[2026-10-05 20:59:08] ERROR: Error: Please verify your email first.
    at file:///F:/Programming/Projects/HabStreak/backend/Controllers/auth.controller.ts:128:15
[2026-10-05 20:59:08] INFO: POST /api/auth/login | 403 | 27 ms | IP: ::1
[2026-10-05 20:59:34] INFO: GET /api/auth/verify/0e75e5970dd976692c8216fd58147c08d7effa74e1c6b57f358a75f45814bbe0 | 302 | 24 ms | IP: ::1
[2026-10-05 20:59:34] ERROR: Error: Refresh token is missing or invalid.
    at file:///F:/Programming/Projects/HabStreak/backend/Controllers/auth.controller.ts:193:13
    at file:///F:/Programming/Projects/HabStreak/backend/utils/AsyncHandler.ts:3:104
    at Layer.handleRequest (F:\Programming\Projects\HabStreak\backend\node_modules\router\lib\layer.js:152:17)
    at next (F:\Programming\Projects\HabStreak\backend\node_modules\router\lib\route.js:157:13)
    at file:///F:/Programming/Projects/HabStreak/backend/node_modules/express-rate-limit/dist/index.mjs:1015:7
    at processTicksAndRejections (node:internal/process/task_queues:104:5)
    at async file:///F:/Programming/Projects/HabStreak/backend/node_modules/express-rate-limit/dist/index.mjs:835:5
[2026-10-05 20:59:34] INFO: POST /api/auth/refresh | 401 | 4 ms | IP: ::1
[2026-10-05 20:59:47] INFO: POST /api/auth/login | 200 | 208 ms | IP: ::1
[2026-10-05 21:07:56] INFO: Server is running on http://localhost:3000
[2026-10-05 21:09:30] INFO: POST /api/auth/refresh | 200 | 498 ms | IP: ::1
[2026-10-05 21:55:49] INFO: POST /api/auth/refresh | 200 | 3085 ms | IP: ::1
[2026-10-05 22:05:04] INFO: POST /api/auth/refresh | 200 | 327 ms | IP: ::1
[2026-10-05 22:05:17] INFO: POST /api/auth/refresh | 200 | 29 ms | IP: ::1
[2026-10-05 22:05:19] INFO: POST /api/auth/refresh | 200 | 139 ms | IP: ::1
[2026-10-05 22:05:53] INFO: POST /api/auth/refresh | 200 | 96 ms | IP: ::1
[2026-10-05 22:05:55] INFO: POST /api/auth/refresh | 200 | 76 ms | IP: ::1
[2026-10-05 22:05:58] ERROR: Error: Refresh token is invalid.
    at file:///F:/Programming/Projects/HabStreak/backend/Controllers/auth.controller.ts:216:13
[2026-10-05 22:05:58] INFO: POST /api/auth/refresh | 401 | 65 ms | IP: ::1
[2026-10-05 22:06:22] ERROR: Error: Refresh token is missing or invalid.
    at file:///F:/Programming/Projects/HabStreak/backend/Controllers/auth.controller.ts:193:13
    at file:///F:/Programming/Projects/HabStreak/backend/utils/AsyncHandler.ts:3:104
    at Layer.handleRequest (F:\Programming\Projects\HabStreak\backend\node_modules\router\lib\layer.js:152:17)
    at next (F:\Programming\Projects\HabStreak\backend\node_modules\router\lib\route.js:157:13)
    at file:///F:/Programming/Projects/HabStreak/backend/node_modules/express-rate-limit/dist/index.mjs:1015:7
    at processTicksAndRejections (node:internal/process/task_queues:104:5)
    at async file:///F:/Programming/Projects/HabStreak/backend/node_modules/express-rate-limit/dist/index.mjs:835:5
[2026-10-05 22:06:22] INFO: POST /api/auth/refresh | 401 | 47 ms | IP: ::1
[2026-10-05 22:06:39] ERROR: Error: Refresh token is missing or invalid.
    at file:///F:/Programming/Projects/HabStreak/backend/Controllers/auth.controller.ts:193:13
    at file:///F:/Programming/Projects/HabStreak/backend/utils/AsyncHandler.ts:3:104
    at Layer.handleRequest (F:\Programming\Projects\HabStreak\backend\node_modules\router\lib\layer.js:152:17)
    at next (F:\Programming\Projects\HabStreak\backend\node_modules\router\lib\route.js:157:13)
    at file:///F:/Programming/Projects/HabStreak/backend/node_modules/express-rate-limit/dist/index.mjs:1015:7
    at processTicksAndRejections (node:internal/process/task_queues:104:5)
    at async file:///F:/Programming/Projects/HabStreak/backend/node_modules/express-rate-limit/dist/index.mjs:835:5
[2026-10-05 22:06:39] INFO: POST /api/auth/refresh | 401 | 4 ms | IP: ::1
[2026-10-05 22:06:41] ERROR: Error: Refresh token is missing or invalid.
    at file:///F:/Programming/Projects/HabStreak/backend/Controllers/auth.controller.ts:193:13
    at file:///F:/Programming/Projects/HabStreak/backend/utils/AsyncHandler.ts:3:104
    at Layer.handleRequest (F:\Programming\Projects\HabStreak\backend\node_modules\router\lib\layer.js:152:17)
    at next (F:\Programming\Projects\HabStreak\backend\node_modules\router\lib\route.js:157:13)
    at file:///F:/Programming/Projects/HabStreak/backend/node_modules/express-rate-limit/dist/index.mjs:1015:7
    at processTicksAndRejections (node:internal/process/task_queues:104:5)
    at async file:///F:/Programming/Projects/HabStreak/backend/node_modules/express-rate-limit/dist/index.mjs:835:5
[2026-10-05 22:06:41] INFO: POST /api/auth/refresh | 401 | 4 ms | IP: ::1
[2026-10-05 22:06:51] ERROR: Error: Refresh token is missing or invalid.
    at file:///F:/Programming/Projects/HabStreak/backend/Controllers/auth.controller.ts:193:13
    at file:///F:/Programming/Projects/HabStreak/backend/utils/AsyncHandler.ts:3:104
    at Layer.handleRequest (F:\Programming\Projects\HabStreak\backend\node_modules\router\lib\layer.js:152:17)
    at next (F:\Programming\Projects\HabStreak\backend\node_modules\router\lib\route.js:157:13)
    at file:///F:/Programming/Projects/HabStreak/backend/node_modules/express-rate-limit/dist/index.mjs:1015:7
    at processTicksAndRejections (node:internal/process/task_queues:104:5)
    at async file:///F:/Programming/Projects/HabStreak/backend/node_modules/express-rate-limit/dist/index.mjs:835:5
[2026-10-05 22:06:51] INFO: POST /api/auth/refresh | 401 | 4 ms | IP: ::1
[2026-10-05 22:06:53] ERROR: Error: Refresh token is missing or invalid.
    at file:///F:/Programming/Projects/HabStreak/backend/Controllers/auth.controller.ts:193:13
    at file:///F:/Programming/Projects/HabStreak/backend/utils/AsyncHandler.ts:3:104
    at Layer.handleRequest (F:\Programming\Projects\HabStreak\backend\node_modules\router\lib\layer.js:152:17)
    at next (F:\Programming\Projects\HabStreak\backend\node_modules\router\lib\route.js:157:13)
    at file:///F:/Programming/Projects/HabStreak/backend/node_modules/express-rate-limit/dist/index.mjs:1015:7
    at processTicksAndRejections (node:internal/process/task_queues:104:5)
    at async file:///F:/Programming/Projects/HabStreak/backend/node_modules/express-rate-limit/dist/index.mjs:835:5
[2026-10-05 22:06:53] INFO: POST /api/auth/refresh | 401 | 4 ms | IP: ::1
[2026-10-05 22:08:59] INFO: Server is running on http://localhost:3000
[2026-10-05 22:09:04] INFO: Server is running on http://localhost:3000
[2026-10-05 22:09:11] INFO: Server is running on http://localhost:3000
[2026-10-05 22:09:17] INFO: Server is running on http://localhost:3000
[2026-10-05 22:10:47] INFO: Server is running on http://localhost:3000
[2026-10-05 22:11:27] INFO: Server is running on http://localhost:3000
[2026-10-05 22:11:43] INFO: Server is running on http://localhost:3000
[2026-10-05 22:12:45] INFO: Server is running on http://localhost:3000
[2026-10-05 22:14:25] INFO: Server is running on http://localhost:3000
[2026-10-05 22:18:59] INFO: Server is running on http://localhost:3000
[2026-10-05 22:26:50] INFO: Server is running on http://localhost:3000
[2026-10-05 22:26:54] INFO: Server is running on http://localhost:3000
[2026-10-05 22:27:11] INFO: Server is running on http://localhost:3000
[2026-10-05 22:27:14] INFO: Server is running on http://localhost:3000
[2026-10-05 22:27:15] INFO: Server is running on http://localhost:3000
[2026-10-05 22:27:17] INFO: Server is running on http://localhost:3000
[2026-10-05 22:27:36] INFO: Server is running on http://localhost:3000
[2026-10-05 22:27:43] INFO: Server is running on http://localhost:3000
[2026-10-05 22:27:44] INFO: Server is running on http://localhost:3000
[2026-10-05 22:27:51] INFO: Server is running on http://localhost:3000
[2026-10-05 22:28:17] INFO: Server is running on http://localhost:3000
[2026-10-05 22:28:33] INFO: Server is running on http://localhost:3000
[2026-10-05 22:28:35] INFO: Server is running on http://localhost:3000
[2026-10-05 22:44:30] INFO: Server is running on http://localhost:3000
[2026-10-05 22:46:03] INFO: Server is running on http://localhost:3000
[2026-10-05 22:46:59] INFO: Server is running on http://localhost:3000
[2026-10-05 22:47:02] INFO: Server is running on http://localhost:3000
[2026-10-05 22:47:08] INFO: Server is running on http://localhost:3000
[2026-10-05 22:47:24] INFO: Server is running on http://localhost:3000
[2026-10-05 22:47:30] INFO: Server is running on http://localhost:3000
[2026-10-05 22:47:33] INFO: Server is running on http://localhost:3000
[2026-10-05 22:47:37] INFO: Server is running on http://localhost:3000
[2026-10-05 22:47:46] INFO: Server is running on http://localhost:3000
[2026-10-05 22:48:00] INFO: Server is running on http://localhost:3000
[2026-10-05 22:48:05] INFO: Server is running on http://localhost:3000
[2026-10-05 22:48:41] INFO: Server is running on http://localhost:3000
[2026-10-05 22:48:51] INFO: Server is running on http://localhost:3000
[2026-10-05 22:49:09] INFO: Server is running on http://localhost:3000
[2026-10-05 22:49:48] INFO: Server is running on http://localhost:3000
[2026-10-05 22:50:39] INFO: Server is running on http://localhost:3000
[2026-10-05 22:51:49] INFO: Server is running on http://localhost:3000
[2026-10-05 22:53:36] INFO: Server is running on http://localhost:3000
[2026-10-05 22:56:30] INFO: Server is running on http://localhost:3000
[2026-10-05 22:56:41] INFO: Server is running on http://localhost:3000
[2026-10-05 22:57:05] INFO: Server is running on http://localhost:3000
[2026-10-05 22:57:06] INFO: Server is running on http://localhost:3000
[2026-10-05 22:57:09] INFO: Server is running on http://localhost:3000
[2026-10-05 22:57:11] INFO: Server is running on http://localhost:3000
[2026-10-05 22:59:22] INFO: Server is running on http://localhost:3000
[2026-10-05 22:59:26] INFO: Server is running on http://localhost:3000
[2026-10-05 23:00:51] INFO: Server is running on http://localhost:3000
[2026-10-05 23:01:14] INFO: Server is running on http://localhost:3000
[2026-10-05 23:01:29] INFO: Server is running on http://localhost:3000
[2026-10-05 23:01:48] INFO: Server is running on http://localhost:3000
[2026-10-05 23:01:57] INFO: Server is running on http://localhost:3000
[2026-10-05 23:03:12] INFO: Server is running on http://localhost:3000
[2026-10-05 23:04:34] INFO: Server is running on http://localhost:3000
[2026-10-06 21:41:27] INFO: Server is running on http://localhost:3000
[2026-10-06 21:51:31] INFO: Server is running on http://localhost:3000
[2026-10-06 21:51:37] ERROR: Error: User not found.
    at file:///F:/Programming/Projects/HabStreak/backend/Controllers/auth.controller.ts:120:13
[2026-10-06 21:51:37] INFO: POST /api/auth/login | 401 | 177 ms | IP: ::ffff:127.0.0.1
[2026-10-06 21:51:47] ERROR: Error: Invalid or expired refresh token.
    at file:///F:/Programming/Projects/HabStreak/backend/Controllers/auth.controller.ts:202:13
    at file:///F:/Programming/Projects/HabStreak/backend/utils/AsyncHandler.ts:3:104
    at Layer.handleRequest (F:\Programming\Projects\HabStreak\backend\node_modules\router\lib\layer.js:152:17)
    at next (F:\Programming\Projects\HabStreak\backend\node_modules\router\lib\route.js:157:13)
    at file:///F:/Programming/Projects/HabStreak/backend/node_modules/express-rate-limit/dist/index.mjs:1015:7
    at processTicksAndRejections (node:internal/process/task_queues:104:5)
    at async file:///F:/Programming/Projects/HabStreak/backend/node_modules/express-rate-limit/dist/index.mjs:835:5
[2026-10-06 21:51:47] INFO: POST /api/auth/refresh | 401 | 17 ms | IP: ::ffff:127.0.0.1
[2026-10-06 21:52:02] INFO: POST /api/auth/register | 201 | 5030 ms | IP: ::ffff:127.0.0.1
[2026-10-06 21:52:37] ERROR: Error: User not found.
    at file:///F:/Programming/Projects/HabStreak/backend/Controllers/auth.controller.ts:120:13
[2026-10-06 21:52:37] INFO: POST /api/auth/login | 401 | 4 ms | IP: ::ffff:127.0.0.1
[2026-10-06 21:52:41] ERROR: Error: User not found.
    at file:///F:/Programming/Projects/HabStreak/backend/Controllers/auth.controller.ts:120:13
[2026-10-06 21:52:41] INFO: POST /api/auth/login | 401 | 5 ms | IP: ::ffff:127.0.0.1
[2026-10-06 21:52:42] ERROR: Error: User not found.
    at file:///F:/Programming/Projects/HabStreak/backend/Controllers/auth.controller.ts:120:13
[2026-10-06 21:52:42] INFO: POST /api/auth/login | 401 | 6 ms | IP: ::ffff:127.0.0.1
[2026-10-06 21:53:11] ERROR: Error: Please verify your email first.
    at file:///F:/Programming/Projects/HabStreak/backend/Controllers/auth.controller.ts:128:15
[2026-10-06 21:53:11] INFO: POST /api/auth/login | 403 | 34 ms | IP: ::ffff:127.0.0.1
[2026-10-06 21:54:20] INFO: POST /api/auth/register | 201 | 3781 ms | IP: ::ffff:127.0.0.1
[2026-10-06 21:54:28] ERROR: Error: Please verify your email first.
    at file:///F:/Programming/Projects/HabStreak/backend/Controllers/auth.controller.ts:128:15
[2026-10-06 21:54:28] INFO: POST /api/auth/login | 403 | 4 ms | IP: ::ffff:127.0.0.1
[2026-10-06 21:54:44] INFO: GET /api/auth/verify/d19f7c179fe7965ee2305341edfcad5d218efd755b19f136ab909f37d155c4d8 | 302 | 182 ms | IP: ::1
[2026-10-06 21:54:55] ERROR: Error: Invalid verification token.
    at file:///F:/Programming/Projects/HabStreak/backend/Controllers/auth.controller.ts:321:13
[2026-10-06 21:54:55] INFO: GET /api/auth/verify/d19f7c179fe7965ee2305341edfcad5d218efd755b19f136ab909f37d155c4d8 | 400 | 7 ms | IP: ::1
[2026-10-06 21:54:55] ERROR: Error: Route '/favicon.ico' not found.
    at notFoundMiddleware (file:///F:/Programming/Projects/HabStreak/backend/Middlewares/notFound.middleware.ts:10:9)
    at Layer.handleRequest (F:\Programming\Projects\HabStreak\backend\node_modules\router\lib\layer.js:152:17)
    at trimPrefix (F:\Programming\Projects\HabStreak\backend\node_modules\router\index.js:342:13)
    at F:\Programming\Projects\HabStreak\backend\node_modules\router\index.js:297:9
    at processParams (F:\Programming\Projects\HabStreak\backend\node_modules\router\index.js:582:12)
    at next (F:\Programming\Projects\HabStreak\backend\node_modules\router\index.js:291:5)
    at loggerMiddleware (file:///F:/Programming/Projects/HabStreak/backend/Middlewares/logger.middleware.ts:19:5)
    at Layer.handleRequest (F:\Programming\Projects\HabStreak\backend\node_modules\router\lib\layer.js:152:17)
    at trimPrefix (F:\Programming\Projects\HabStreak\backend\node_modules\router\index.js:342:13)
    at F:\Programming\Projects\HabStreak\backend\node_modules\router\index.js:297:9
[2026-10-06 21:54:55] INFO: GET /favicon.ico | 404 | 5 ms | IP: ::1
[2026-10-06 21:54:56] ERROR: Error: Invalid verification token.
    at file:///F:/Programming/Projects/HabStreak/backend/Controllers/auth.controller.ts:321:13
[2026-10-06 21:54:56] INFO: GET /api/auth/verify/d19f7c179fe7965ee2305341edfcad5d218efd755b19f136ab909f37d155c4d8 | 400 | 4 ms | IP: ::1
[2026-10-06 21:55:55] ERROR: Error: Refresh token is missing or invalid.
    at file:///F:/Programming/Projects/HabStreak/backend/Controllers/auth.controller.ts:193:13
    at file:///F:/Programming/Projects/HabStreak/backend/utils/AsyncHandler.ts:3:104
    at Layer.handleRequest (F:\Programming\Projects\HabStreak\backend\node_modules\router\lib\layer.js:152:17)
    at next (F:\Programming\Projects\HabStreak\backend\node_modules\router\lib\route.js:157:13)
    at file:///F:/Programming/Projects/HabStreak/backend/node_modules/express-rate-limit/dist/index.mjs:1015:7
    at processTicksAndRejections (node:internal/process/task_queues:104:5)
    at async file:///F:/Programming/Projects/HabStreak/backend/node_modules/express-rate-limit/dist/index.mjs:835:5
[2026-10-06 21:55:55] INFO: POST /api/auth/refresh | 401 | 3 ms | IP: ::1
[2026-10-06 21:56:03] INFO: POST /api/auth/login | 200 | 173 ms | IP: ::ffff:127.0.0.1
[2026-10-06 21:56:47] ERROR: Error: Invalid token.
    at authenticateUser (file:///F:/Programming/Projects/HabStreak/backend/Middlewares/auth.middlewares.ts:94:19)
    at Layer.handleRequest (F:\Programming\Projects\HabStreak\backend\node_modules\router\lib\layer.js:152:17)
    at trimPrefix (F:\Programming\Projects\HabStreak\backend\node_modules\router\index.js:342:13)
    at F:\Programming\Projects\HabStreak\backend\node_modules\router\index.js:297:9
    at processParams (F:\Programming\Projects\HabStreak\backend\node_modules\router\index.js:582:12)
    at next (F:\Programming\Projects\HabStreak\backend\node_modules\router\index.js:291:5)
    at loggerMiddleware (file:///F:/Programming/Projects/HabStreak/backend/Middlewares/logger.middleware.ts:19:5)
    at Layer.handleRequest (F:\Programming\Projects\HabStreak\backend\node_modules\router\lib\layer.js:152:17)
    at trimPrefix (F:\Programming\Projects\HabStreak\backend\node_modules\router\index.js:342:13)
    at F:\Programming\Projects\HabStreak\backend\node_modules\router\index.js:297:9
[2026-10-06 21:56:47] INFO: POST /api/tasks/ | 401 | 44 ms | IP: ::ffff:127.0.0.1
[2026-10-06 21:57:08] ERROR: Error: Invalid token.
    at authenticateUser (file:///F:/Programming/Projects/HabStreak/backend/Middlewares/auth.middlewares.ts:94:19)
    at Layer.handleRequest (F:\Programming\Projects\HabStreak\backend\node_modules\router\lib\layer.js:152:17)
    at trimPrefix (F:\Programming\Projects\HabStreak\backend\node_modules\router\index.js:342:13)
    at F:\Programming\Projects\HabStreak\backend\node_modules\router\index.js:297:9
    at processParams (F:\Programming\Projects\HabStreak\backend\node_modules\router\index.js:582:12)
    at next (F:\Programming\Projects\HabStreak\backend\node_modules\router\index.js:291:5)
    at loggerMiddleware (file:///F:/Programming/Projects/HabStreak/backend/Middlewares/logger.middleware.ts:19:5)
    at Layer.handleRequest (F:\Programming\Projects\HabStreak\backend\node_modules\router\lib\layer.js:152:17)
    at trimPrefix (F:\Programming\Projects\HabStreak\backend\node_modules\router\index.js:342:13)
    at F:\Programming\Projects\HabStreak\backend\node_modules\router\index.js:297:9
[2026-10-06 21:57:08] INFO: POST /api/tasks/ | 401 | 2 ms | IP: ::ffff:127.0.0.1
[2026-10-06 21:57:33] ERROR: Error: Invalid token.
    at authenticateUser (file:///F:/Programming/Projects/HabStreak/backend/Middlewares/auth.middlewares.ts:94:19)
    at Layer.handleRequest (F:\Programming\Projects\HabStreak\backend\node_modules\router\lib\layer.js:152:17)
    at trimPrefix (F:\Programming\Projects\HabStreak\backend\node_modules\router\index.js:342:13)
    at F:\Programming\Projects\HabStreak\backend\node_modules\router\index.js:297:9
    at processParams (F:\Programming\Projects\HabStreak\backend\node_modules\router\index.js:582:12)
    at next (F:\Programming\Projects\HabStreak\backend\node_modules\router\index.js:291:5)
    at loggerMiddleware (file:///F:/Programming/Projects/HabStreak/backend/Middlewares/logger.middleware.ts:19:5)
    at Layer.handleRequest (F:\Programming\Projects\HabStreak\backend\node_modules\router\lib\layer.js:152:17)
    at trimPrefix (F:\Programming\Projects\HabStreak\backend\node_modules\router\index.js:342:13)
    at F:\Programming\Projects\HabStreak\backend\node_modules\router\index.js:297:9
[2026-10-06 21:57:33] INFO: POST /api/tasks/ | 401 | 2 ms | IP: ::ffff:127.0.0.1
[2026-10-06 21:57:42] ERROR: Error: Invalid token.
    at authenticateUser (file:///F:/Programming/Projects/HabStreak/backend/Middlewares/auth.middlewares.ts:94:19)
    at Layer.handleRequest (F:\Programming\Projects\HabStreak\backend\node_modules\router\lib\layer.js:152:17)
    at trimPrefix (F:\Programming\Projects\HabStreak\backend\node_modules\router\index.js:342:13)
    at F:\Programming\Projects\HabStreak\backend\node_modules\router\index.js:297:9
    at processParams (F:\Programming\Projects\HabStreak\backend\node_modules\router\index.js:582:12)
    at next (F:\Programming\Projects\HabStreak\backend\node_modules\router\index.js:291:5)
    at loggerMiddleware (file:///F:/Programming/Projects/HabStreak/backend/Middlewares/logger.middleware.ts:19:5)
    at Layer.handleRequest (F:\Programming\Projects\HabStreak\backend\node_modules\router\lib\layer.js:152:17)
    at trimPrefix (F:\Programming\Projects\HabStreak\backend\node_modules\router\index.js:342:13)
    at F:\Programming\Projects\HabStreak\backend\node_modules\router\index.js:297:9
[2026-10-06 21:57:42] INFO: POST /api/tasks/ | 401 | 1 ms | IP: ::ffff:127.0.0.1
[2026-10-06 21:57:43] ERROR: Error: Invalid token.
    at authenticateUser (file:///F:/Programming/Projects/HabStreak/backend/Middlewares/auth.middlewares.ts:94:19)
    at Layer.handleRequest (F:\Programming\Projects\HabStreak\backend\node_modules\router\lib\layer.js:152:17)
    at trimPrefix (F:\Programming\Projects\HabStreak\backend\node_modules\router\index.js:342:13)
    at F:\Programming\Projects\HabStreak\backend\node_modules\router\index.js:297:9
    at processParams (F:\Programming\Projects\HabStreak\backend\node_modules\router\index.js:582:12)
    at next (F:\Programming\Projects\HabStreak\backend\node_modules\router\index.js:291:5)
    at loggerMiddleware (file:///F:/Programming/Projects/HabStreak/backend/Middlewares/logger.middleware.ts:19:5)
    at Layer.handleRequest (F:\Programming\Projects\HabStreak\backend\node_modules\router\lib\layer.js:152:17)
    at trimPrefix (F:\Programming\Projects\HabStreak\backend\node_modules\router\index.js:342:13)
    at F:\Programming\Projects\HabStreak\backend\node_modules\router\index.js:297:9
[2026-10-06 21:57:43] INFO: POST /api/tasks/ | 401 | 2 ms | IP: ::ffff:127.0.0.1
[2026-10-06 21:57:43] ERROR: Error: Invalid token.
    at authenticateUser (file:///F:/Programming/Projects/HabStreak/backend/Middlewares/auth.middlewares.ts:94:19)
    at Layer.handleRequest (F:\Programming\Projects\HabStreak\backend\node_modules\router\lib\layer.js:152:17)
    at trimPrefix (F:\Programming\Projects\HabStreak\backend\node_modules\router\index.js:342:13)
    at F:\Programming\Projects\HabStreak\backend\node_modules\router\index.js:297:9
    at processParams (F:\Programming\Projects\HabStreak\backend\node_modules\router\index.js:582:12)
    at next (F:\Programming\Projects\HabStreak\backend\node_modules\router\index.js:291:5)
    at loggerMiddleware (file:///F:/Programming/Projects/HabStreak/backend/Middlewares/logger.middleware.ts:19:5)
    at Layer.handleRequest (F:\Programming\Projects\HabStreak\backend\node_modules\router\lib\layer.js:152:17)
    at trimPrefix (F:\Programming\Projects\HabStreak\backend\node_modules\router\index.js:342:13)
    at F:\Programming\Projects\HabStreak\backend\node_modules\router\index.js:297:9
[2026-10-06 21:57:43] INFO: POST /api/tasks/ | 401 | 2 ms | IP: ::ffff:127.0.0.1
[2026-10-06 21:57:43] ERROR: Error: Invalid token.
    at authenticateUser (file:///F:/Programming/Projects/HabStreak/backend/Middlewares/auth.middlewares.ts:94:19)
    at Layer.handleRequest (F:\Programming\Projects\HabStreak\backend\node_modules\router\lib\layer.js:152:17)
    at trimPrefix (F:\Programming\Projects\HabStreak\backend\node_modules\router\index.js:342:13)
    at F:\Programming\Projects\HabStreak\backend\node_modules\router\index.js:297:9
    at processParams (F:\Programming\Projects\HabStreak\backend\node_modules\router\index.js:582:12)
    at next (F:\Programming\Projects\HabStreak\backend\node_modules\router\index.js:291:5)
    at loggerMiddleware (file:///F:/Programming/Projects/HabStreak/backend/Middlewares/logger.middleware.ts:19:5)
    at Layer.handleRequest (F:\Programming\Projects\HabStreak\backend\node_modules\router\lib\layer.js:152:17)
    at trimPrefix (F:\Programming\Projects\HabStreak\backend\node_modules\router\index.js:342:13)
    at F:\Programming\Projects\HabStreak\backend\node_modules\router\index.js:297:9
[2026-10-06 21:57:43] INFO: POST /api/tasks/ | 401 | 2 ms | IP: ::ffff:127.0.0.1
[2026-10-06 21:57:48] INFO: POST /api/auth/refresh | 200 | 2161 ms | IP: ::ffff:127.0.0.1
[2026-10-06 21:58:07] ERROR: PrismaClientKnownRequestError: 
Invalid `prisma.task.findFirst()` invocation:


The column `Task.position` does not exist in the current database.
    at ei.handleRequestError (F:\Programming\Projects\HabStreak\backend\node_modules\@prisma\client\src\runtime\RequestHandler.ts:228:13)
    at ei.handleAndLogRequestError (F:\Programming\Projects\HabStreak\backend\node_modules\@prisma\client\src\runtime\RequestHandler.ts:174:12)
    at ei.request (F:\Programming\Projects\HabStreak\backend\node_modules\@prisma\client\src\runtime\RequestHandler.ts:143:12)
    at async a (F:\Programming\Projects\HabStreak\backend\node_modules\@prisma\client\src\runtime\getPrismaClient.ts:833:24)
    at async Module.createTask (file:///F:/Programming/Projects/HabStreak/backend/services/task.service.ts:34:22)
    at async file:///F:/Programming/Projects/HabStreak/backend/Controllers/task.controller.ts:35:16
[2026-10-06 21:58:07] INFO: POST /api/tasks/ | 400 | 351 ms | IP: ::ffff:127.0.0.1
[2026-10-06 22:17:36] ERROR: Error: Refresh token is missing or invalid.
    at file:///F:/Programming/Projects/HabStreak/backend/Controllers/auth.controller.ts:193:13
    at file:///F:/Programming/Projects/HabStreak/backend/utils/AsyncHandler.ts:3:104
    at Layer.handleRequest (F:\Programming\Projects\HabStreak\backend\node_modules\router\lib\layer.js:152:17)
    at next (F:\Programming\Projects\HabStreak\backend\node_modules\router\lib\route.js:157:13)
    at file:///F:/Programming/Projects/HabStreak/backend/node_modules/express-rate-limit/dist/index.mjs:1015:7
    at processTicksAndRejections (node:internal/process/task_queues:104:5)
    at async file:///F:/Programming/Projects/HabStreak/backend/node_modules/express-rate-limit/dist/index.mjs:835:5
[2026-10-06 22:17:36] INFO: POST /api/auth/refresh | 401 | 3 ms | IP: ::1
[2026-10-06 22:47:30] INFO: Server is running on http://localhost:3000
[2026-10-06 22:47:45] ERROR: Error: Token expired
    at authenticateUser (file:///F:/Programming/Projects/HabStreak/backend/Middlewares/auth.middlewares.ts:90:19)
    at Layer.handleRequest (F:\Programming\Projects\HabStreak\backend\node_modules\router\lib\layer.js:152:17)
    at trimPrefix (F:\Programming\Projects\HabStreak\backend\node_modules\router\index.js:342:13)
    at F:\Programming\Projects\HabStreak\backend\node_modules\router\index.js:297:9
    at processParams (F:\Programming\Projects\HabStreak\backend\node_modules\router\index.js:582:12)
    at next (F:\Programming\Projects\HabStreak\backend\node_modules\router\index.js:291:5)
    at loggerMiddleware (file:///F:/Programming/Projects/HabStreak/backend/Middlewares/logger.middleware.ts:19:5)
    at Layer.handleRequest (F:\Programming\Projects\HabStreak\backend\node_modules\router\lib\layer.js:152:17)
    at trimPrefix (F:\Programming\Projects\HabStreak\backend\node_modules\router\index.js:342:13)
    at F:\Programming\Projects\HabStreak\backend\node_modules\router\index.js:297:9
[2026-10-06 22:47:45] INFO: POST /api/tasks/ | 401 | 30 ms | IP: ::ffff:127.0.0.1
[2026-10-06 22:47:49] ERROR: Error: Refresh token is invalid.
    at file:///F:/Programming/Projects/HabStreak/backend/Controllers/auth.controller.ts:216:13
[2026-10-06 22:47:49] INFO: POST /api/auth/refresh | 401 | 95 ms | IP: ::ffff:127.0.0.1
[2026-10-06 22:47:50] ERROR: Error: Refresh token is missing or invalid.
    at file:///F:/Programming/Projects/HabStreak/backend/Controllers/auth.controller.ts:193:13
    at file:///F:/Programming/Projects/HabStreak/backend/utils/AsyncHandler.ts:3:104
    at Layer.handleRequest (F:\Programming\Projects\HabStreak\backend\node_modules\router\lib\layer.js:152:17)
    at next (F:\Programming\Projects\HabStreak\backend\node_modules\router\lib\route.js:157:13)
    at file:///F:/Programming/Projects/HabStreak/backend/node_modules/express-rate-limit/dist/index.mjs:1015:7
    at processTicksAndRejections (node:internal/process/task_queues:104:5)
    at async file:///F:/Programming/Projects/HabStreak/backend/node_modules/express-rate-limit/dist/index.mjs:835:5
[2026-10-06 22:47:50] INFO: POST /api/auth/refresh | 401 | 3 ms | IP: ::ffff:127.0.0.1
[2026-10-06 22:47:51] ERROR: Error: Refresh token is missing or invalid.
    at file:///F:/Programming/Projects/HabStreak/backend/Controllers/auth.controller.ts:193:13
    at file:///F:/Programming/Projects/HabStreak/backend/utils/AsyncHandler.ts:3:104
    at Layer.handleRequest (F:\Programming\Projects\HabStreak\backend\node_modules\router\lib\layer.js:152:17)
    at next (F:\Programming\Projects\HabStreak\backend\node_modules\router\lib\route.js:157:13)
    at file:///F:/Programming/Projects/HabStreak/backend/node_modules/express-rate-limit/dist/index.mjs:1015:7
    at processTicksAndRejections (node:internal/process/task_queues:104:5)
    at async file:///F:/Programming/Projects/HabStreak/backend/node_modules/express-rate-limit/dist/index.mjs:835:5
[2026-10-06 22:47:51] INFO: POST /api/auth/refresh | 401 | 3 ms | IP: ::ffff:127.0.0.1
[2026-10-06 22:48:03] ERROR: Error: Refresh token is missing or invalid.
    at file:///F:/Programming/Projects/HabStreak/backend/Controllers/auth.controller.ts:193:13
    at file:///F:/Programming/Projects/HabStreak/backend/utils/AsyncHandler.ts:3:104
    at Layer.handleRequest (F:\Programming\Projects\HabStreak\backend\node_modules\router\lib\layer.js:152:17)
    at next (F:\Programming\Projects\HabStreak\backend\node_modules\router\lib\route.js:157:13)
    at file:///F:/Programming/Projects/HabStreak/backend/node_modules/express-rate-limit/dist/index.mjs:1015:7
    at processTicksAndRejections (node:internal/process/task_queues:104:5)
    at async file:///F:/Programming/Projects/HabStreak/backend/node_modules/express-rate-limit/dist/index.mjs:835:5
[2026-10-06 22:48:03] INFO: POST /api/auth/refresh | 401 | 2 ms | IP: ::ffff:127.0.0.1
[2026-10-06 22:48:03] ERROR: Error: Refresh token is missing or invalid.
    at file:///F:/Programming/Projects/HabStreak/backend/Controllers/auth.controller.ts:193:13
    at file:///F:/Programming/Projects/HabStreak/backend/utils/AsyncHandler.ts:3:104
    at Layer.handleRequest (F:\Programming\Projects\HabStreak\backend\node_modules\router\lib\layer.js:152:17)
    at next (F:\Programming\Projects\HabStreak\backend\node_modules\router\lib\route.js:157:13)
    at file:///F:/Programming/Projects/HabStreak/backend/node_modules/express-rate-limit/dist/index.mjs:1015:7
    at processTicksAndRejections (node:internal/process/task_queues:104:5)
    at async file:///F:/Programming/Projects/HabStreak/backend/node_modules/express-rate-limit/dist/index.mjs:835:5
[2026-10-06 22:48:03] INFO: POST /api/auth/refresh | 401 | 2 ms | IP: ::ffff:127.0.0.1
[2026-10-06 22:48:14] ERROR: Error: User not found.
    at file:///F:/Programming/Projects/HabStreak/backend/Controllers/auth.controller.ts:120:13
[2026-10-06 22:48:14] INFO: POST /api/auth/login | 401 | 13 ms | IP: ::ffff:127.0.0.1
[2026-10-06 22:48:26] ERROR: Error: Route '/api/auth/login' not found.
    at notFoundMiddleware (file:///F:/Programming/Projects/HabStreak/backend/Middlewares/notFound.middleware.ts:10:9)
    at Layer.handleRequest (F:\Programming\Projects\HabStreak\backend\node_modules\router\lib\layer.js:152:17)
    at trimPrefix (F:\Programming\Projects\HabStreak\backend\node_modules\router\index.js:342:13)
    at F:\Programming\Projects\HabStreak\backend\node_modules\router\index.js:297:9
    at processParams (F:\Programming\Projects\HabStreak\backend\node_modules\router\index.js:582:12)
    at next (F:\Programming\Projects\HabStreak\backend\node_modules\router\index.js:291:5)
    at F:\Programming\Projects\HabStreak\backend\node_modules\router\index.js:688:15
    at next (F:\Programming\Projects\HabStreak\backend\node_modules\router\index.js:276:14)
    at router.handle (F:\Programming\Projects\HabStreak\backend\node_modules\router\index.js:186:3)
    at router (F:\Programming\Projects\HabStreak\backend\node_modules\router\index.js:60:12)
[2026-10-06 22:48:26] INFO: GET /api/auth/login | 404 | 3 ms | IP: ::ffff:127.0.0.1
[2026-10-06 22:48:27] ERROR: Error: Route '/api/auth/login' not found.
    at notFoundMiddleware (file:///F:/Programming/Projects/HabStreak/backend/Middlewares/notFound.middleware.ts:10:9)
    at Layer.handleRequest (F:\Programming\Projects\HabStreak\backend\node_modules\router\lib\layer.js:152:17)
    at trimPrefix (F:\Programming\Projects\HabStreak\backend\node_modules\router\index.js:342:13)
    at F:\Programming\Projects\HabStreak\backend\node_modules\router\index.js:297:9
    at processParams (F:\Programming\Projects\HabStreak\backend\node_modules\router\index.js:582:12)
    at next (F:\Programming\Projects\HabStreak\backend\node_modules\router\index.js:291:5)
    at F:\Programming\Projects\HabStreak\backend\node_modules\router\index.js:688:15
    at next (F:\Programming\Projects\HabStreak\backend\node_modules\router\index.js:276:14)
    at router.handle (F:\Programming\Projects\HabStreak\backend\node_modules\router\index.js:186:3)
    at router (F:\Programming\Projects\HabStreak\backend\node_modules\router\index.js:60:12)
[2026-10-06 22:48:27] INFO: GET /api/auth/login | 404 | 4 ms | IP: ::ffff:127.0.0.1
[2026-10-06 22:48:35] ERROR: Error: User not found.
    at file:///F:/Programming/Projects/HabStreak/backend/Controllers/auth.controller.ts:120:13
[2026-10-06 22:48:35] INFO: POST /api/auth/login | 401 | 5 ms | IP: ::ffff:127.0.0.1
[2026-10-06 22:48:41] ERROR: Error: Refresh token is missing or invalid.
    at file:///F:/Programming/Projects/HabStreak/backend/Controllers/auth.controller.ts:193:13
    at file:///F:/Programming/Projects/HabStreak/backend/utils/AsyncHandler.ts:3:104
    at Layer.handleRequest (F:\Programming\Projects\HabStreak\backend\node_modules\router\lib\layer.js:152:17)
    at next (F:\Programming\Projects\HabStreak\backend\node_modules\router\lib\route.js:157:13)
    at file:///F:/Programming/Projects/HabStreak/backend/node_modules/express-rate-limit/dist/index.mjs:1015:7
    at processTicksAndRejections (node:internal/process/task_queues:104:5)
    at async file:///F:/Programming/Projects/HabStreak/backend/node_modules/express-rate-limit/dist/index.mjs:835:5
[2026-10-06 22:48:41] INFO: POST /api/auth/refresh | 401 | 2 ms | IP: ::ffff:127.0.0.1
[2026-10-06 22:48:41] ERROR: Error: Refresh token is missing or invalid.
    at file:///F:/Programming/Projects/HabStreak/backend/Controllers/auth.controller.ts:193:13
    at file:///F:/Programming/Projects/HabStreak/backend/utils/AsyncHandler.ts:3:104
    at Layer.handleRequest (F:\Programming\Projects\HabStreak\backend\node_modules\router\lib\layer.js:152:17)
    at next (F:\Programming\Projects\HabStreak\backend\node_modules\router\lib\route.js:157:13)
    at file:///F:/Programming/Projects/HabStreak/backend/node_modules/express-rate-limit/dist/index.mjs:1015:7
    at processTicksAndRejections (node:internal/process/task_queues:104:5)
    at async file:///F:/Programming/Projects/HabStreak/backend/node_modules/express-rate-limit/dist/index.mjs:835:5
[2026-10-06 22:48:41] INFO: POST /api/auth/refresh | 401 | 4 ms | IP: ::ffff:127.0.0.1
[2026-10-06 22:48:42] ERROR: Error: Refresh token is missing or invalid.
    at file:///F:/Programming/Projects/HabStreak/backend/Controllers/auth.controller.ts:193:13
    at file:///F:/Programming/Projects/HabStreak/backend/utils/AsyncHandler.ts:3:104
    at Layer.handleRequest (F:\Programming\Projects\HabStreak\backend\node_modules\router\lib\layer.js:152:17)
    at next (F:\Programming\Projects\HabStreak\backend\node_modules\router\lib\route.js:157:13)
    at file:///F:/Programming/Projects/HabStreak/backend/node_modules/express-rate-limit/dist/index.mjs:1015:7
    at processTicksAndRejections (node:internal/process/task_queues:104:5)
    at async file:///F:/Programming/Projects/HabStreak/backend/node_modules/express-rate-limit/dist/index.mjs:835:5
[2026-10-06 22:48:42] INFO: POST /api/auth/refresh | 401 | 1 ms | IP: ::ffff:127.0.0.1
[2026-10-06 22:48:42] ERROR: Error: Refresh token is missing or invalid.
    at file:///F:/Programming/Projects/HabStreak/backend/Controllers/auth.controller.ts:193:13
    at file:///F:/Programming/Projects/HabStreak/backend/utils/AsyncHandler.ts:3:104
    at Layer.handleRequest (F:\Programming\Projects\HabStreak\backend\node_modules\router\lib\layer.js:152:17)
    at next (F:\Programming\Projects\HabStreak\backend\node_modules\router\lib\route.js:157:13)
    at file:///F:/Programming/Projects/HabStreak/backend/node_modules/express-rate-limit/dist/index.mjs:1015:7
    at processTicksAndRejections (node:internal/process/task_queues:104:5)
    at async file:///F:/Programming/Projects/HabStreak/backend/node_modules/express-rate-limit/dist/index.mjs:835:5
[2026-10-06 22:48:42] INFO: POST /api/auth/refresh | 401 | 1 ms | IP: ::ffff:127.0.0.1
[2026-10-06 22:48:42] ERROR: Error: Refresh token is missing or invalid.
    at file:///F:/Programming/Projects/HabStreak/backend/Controllers/auth.controller.ts:193:13
    at file:///F:/Programming/Projects/HabStreak/backend/utils/AsyncHandler.ts:3:104
    at Layer.handleRequest (F:\Programming\Projects\HabStreak\backend\node_modules\router\lib\layer.js:152:17)
    at next (F:\Programming\Projects\HabStreak\backend\node_modules\router\lib\route.js:157:13)
    at file:///F:/Programming/Projects/HabStreak/backend/node_modules/express-rate-limit/dist/index.mjs:1015:7
    at processTicksAndRejections (node:internal/process/task_queues:104:5)
    at async file:///F:/Programming/Projects/HabStreak/backend/node_modules/express-rate-limit/dist/index.mjs:835:5
[2026-10-06 22:48:42] INFO: POST /api/auth/refresh | 401 | 2 ms | IP: ::ffff:127.0.0.1
[2026-10-06 22:48:43] ERROR: Error: Refresh token is missing or invalid.
    at file:///F:/Programming/Projects/HabStreak/backend/Controllers/auth.controller.ts:193:13
    at file:///F:/Programming/Projects/HabStreak/backend/utils/AsyncHandler.ts:3:104
    at Layer.handleRequest (F:\Programming\Projects\HabStreak\backend\node_modules\router\lib\layer.js:152:17)
    at next (F:\Programming\Projects\HabStreak\backend\node_modules\router\lib\route.js:157:13)
    at file:///F:/Programming/Projects/HabStreak/backend/node_modules/express-rate-limit/dist/index.mjs:1015:7
    at processTicksAndRejections (node:internal/process/task_queues:104:5)
    at async file:///F:/Programming/Projects/HabStreak/backend/node_modules/express-rate-limit/dist/index.mjs:835:5
[2026-10-06 22:48:43] INFO: POST /api/auth/refresh | 401 | 2 ms | IP: ::ffff:127.0.0.1
[2026-10-06 22:49:05] ERROR: Error: User not found.
    at file:///F:/Programming/Projects/HabStreak/backend/Controllers/auth.controller.ts:120:13
[2026-10-06 22:49:05] INFO: POST /api/auth/login | 401 | 3 ms | IP: ::ffff:127.0.0.1
[2026-10-06 22:49:05] ERROR: Error: User not found.
    at file:///F:/Programming/Projects/HabStreak/backend/Controllers/auth.controller.ts:120:13
[2026-10-06 22:49:05] INFO: POST /api/auth/login | 401 | 3 ms | IP: ::ffff:127.0.0.1
[2026-10-06 22:49:06] ERROR: Error: User not found.
    at file:///F:/Programming/Projects/HabStreak/backend/Controllers/auth.controller.ts:120:13
[2026-10-06 22:49:06] INFO: POST /api/auth/login | 401 | 5 ms | IP: ::ffff:127.0.0.1
[2026-10-06 22:49:06] ERROR: Error: User not found.
    at file:///F:/Programming/Projects/HabStreak/backend/Controllers/auth.controller.ts:120:13
[2026-10-06 22:49:06] INFO: POST /api/auth/login | 401 | 3 ms | IP: ::ffff:127.0.0.1
[2026-10-06 22:49:06] ERROR: Error: User not found.
    at file:///F:/Programming/Projects/HabStreak/backend/Controllers/auth.controller.ts:120:13
[2026-10-06 22:49:06] INFO: POST /api/auth/login | 401 | 3 ms | IP: ::ffff:127.0.0.1
[2026-10-06 22:49:07] ERROR: Error: User not found.
    at file:///F:/Programming/Projects/HabStreak/backend/Controllers/auth.controller.ts:120:13
[2026-10-06 22:49:07] INFO: POST /api/auth/login | 401 | 4 ms | IP: ::ffff:127.0.0.1
[2026-10-06 22:49:07] ERROR: Error: User not found.
    at file:///F:/Programming/Projects/HabStreak/backend/Controllers/auth.controller.ts:120:13
[2026-10-06 22:49:07] INFO: POST /api/auth/login | 401 | 7 ms | IP: ::ffff:127.0.0.1
[2026-10-06 22:49:08] ERROR: Error: User not found.
    at file:///F:/Programming/Projects/HabStreak/backend/Controllers/auth.controller.ts:120:13
[2026-10-06 22:49:08] INFO: POST /api/auth/login | 401 | 2 ms | IP: ::ffff:127.0.0.1
[2026-10-06 22:49:31] INFO: POST /api/auth/register | 201 | 4455 ms | IP: ::ffff:127.0.0.1
[2026-10-06 22:49:37] ERROR: Error: Please verify your email first.
    at file:///F:/Programming/Projects/HabStreak/backend/Controllers/auth.controller.ts:128:15
[2026-10-06 22:49:37] INFO: POST /api/auth/login | 403 | 4 ms | IP: ::ffff:127.0.0.1
[2026-10-06 22:50:26] INFO: GET /api/auth/verify/eb563188f30caa0a7d939b37012223d81dfa8121199ef4485a9832ded7bee3e5 | 302 | 172 ms | IP: ::1
[2026-10-06 22:50:26] ERROR: Error: Refresh token is missing or invalid.
    at file:///F:/Programming/Projects/HabStreak/backend/Controllers/auth.controller.ts:193:13
    at file:///F:/Programming/Projects/HabStreak/backend/utils/AsyncHandler.ts:3:104
    at Layer.handleRequest (F:\Programming\Projects\HabStreak\backend\node_modules\router\lib\layer.js:152:17)
    at next (F:\Programming\Projects\HabStreak\backend\node_modules\router\lib\route.js:157:13)
    at file:///F:/Programming/Projects/HabStreak/backend/node_modules/express-rate-limit/dist/index.mjs:1015:7
    at processTicksAndRejections (node:internal/process/task_queues:104:5)
    at async file:///F:/Programming/Projects/HabStreak/backend/node_modules/express-rate-limit/dist/index.mjs:835:5
[2026-10-06 22:50:26] INFO: POST /api/auth/refresh | 401 | 2 ms | IP: ::1
[2026-10-06 22:50:32] INFO: POST /api/auth/login | 200 | 155 ms | IP: ::ffff:127.0.0.1
[2026-10-06 22:50:46] INFO: POST /api/auth/refresh | 200 | 170 ms | IP: ::ffff:127.0.0.1
[2026-10-06 22:51:22] ERROR: PrismaClientKnownRequestError: 
Invalid `prisma.task.findFirst()` invocation:


The column `Task.position` does not exist in the current database.
    at ei.handleRequestError (F:\Programming\Projects\HabStreak\backend\node_modules\@prisma\client\src\runtime\RequestHandler.ts:228:13)
    at ei.handleAndLogRequestError (F:\Programming\Projects\HabStreak\backend\node_modules\@prisma\client\src\runtime\RequestHandler.ts:174:12)
    at ei.request (F:\Programming\Projects\HabStreak\backend\node_modules\@prisma\client\src\runtime\RequestHandler.ts:143:12)
    at async a (F:\Programming\Projects\HabStreak\backend\node_modules\@prisma\client\src\runtime\getPrismaClient.ts:833:24)
    at async Module.createTask (file:///F:/Programming/Projects/HabStreak/backend/services/task.service.ts:34:22)
    at async file:///F:/Programming/Projects/HabStreak/backend/Controllers/task.controller.ts:35:16
[2026-10-06 22:51:22] INFO: POST /api/tasks/ | 400 | 245 ms | IP: ::ffff:127.0.0.1
[2026-10-06 22:53:06] INFO: Server is running on http://localhost:3000
[2026-10-06 22:53:12] ERROR: PrismaClientKnownRequestError: 
Invalid `prisma.task.findFirst()` invocation:


The column `Task.position` does not exist in the current database.
    at ei.handleRequestError (F:\Programming\Projects\HabStreak\backend\node_modules\@prisma\client\src\runtime\RequestHandler.ts:228:13)
    at ei.handleAndLogRequestError (F:\Programming\Projects\HabStreak\backend\node_modules\@prisma\client\src\runtime\RequestHandler.ts:174:12)
    at ei.request (F:\Programming\Projects\HabStreak\backend\node_modules\@prisma\client\src\runtime\RequestHandler.ts:143:12)
    at async a (F:\Programming\Projects\HabStreak\backend\node_modules\@prisma\client\src\runtime\getPrismaClient.ts:833:24)
    at async Module.createTask (file:///F:/Programming/Projects/HabStreak/backend/services/task.service.ts:34:22)
    at async file:///F:/Programming/Projects/HabStreak/backend/Controllers/task.controller.ts:35:16
[2026-10-06 22:53:12] INFO: POST /api/tasks/ | 400 | 228 ms | IP: ::ffff:127.0.0.1
[2026-10-06 22:53:12] ERROR: PrismaClientKnownRequestError: 
Invalid `prisma.task.findFirst()` invocation:


The column `Task.position` does not exist in the current database.
    at ei.handleRequestError (F:\Programming\Projects\HabStreak\backend\node_modules\@prisma\client\src\runtime\RequestHandler.ts:228:13)
    at ei.handleAndLogRequestError (F:\Programming\Projects\HabStreak\backend\node_modules\@prisma\client\src\runtime\RequestHandler.ts:174:12)
    at ei.request (F:\Programming\Projects\HabStreak\backend\node_modules\@prisma\client\src\runtime\RequestHandler.ts:143:12)
    at async a (F:\Programming\Projects\HabStreak\backend\node_modules\@prisma\client\src\runtime\getPrismaClient.ts:833:24)
    at async Module.createTask (file:///F:/Programming/Projects/HabStreak/backend/services/task.service.ts:34:22)
    at async file:///F:/Programming/Projects/HabStreak/backend/Controllers/task.controller.ts:35:16
[2026-10-06 22:53:12] INFO: POST /api/tasks/ | 400 | 17 ms | IP: ::ffff:127.0.0.1
[2026-10-06 22:53:13] ERROR: PrismaClientKnownRequestError: 
Invalid `prisma.task.findFirst()` invocation:


The column `Task.position` does not exist in the current database.
    at ei.handleRequestError (F:\Programming\Projects\HabStreak\backend\node_modules\@prisma\client\src\runtime\RequestHandler.ts:228:13)
    at ei.handleAndLogRequestError (F:\Programming\Projects\HabStreak\backend\node_modules\@prisma\client\src\runtime\RequestHandler.ts:174:12)
    at ei.request (F:\Programming\Projects\HabStreak\backend\node_modules\@prisma\client\src\runtime\RequestHandler.ts:143:12)
    at async a (F:\Programming\Projects\HabStreak\backend\node_modules\@prisma\client\src\runtime\getPrismaClient.ts:833:24)
    at async Module.createTask (file:///F:/Programming/Projects/HabStreak/backend/services/task.service.ts:34:22)
    at async file:///F:/Programming/Projects/HabStreak/backend/Controllers/task.controller.ts:35:16
[2026-10-06 22:53:13] INFO: POST /api/tasks/ | 400 | 15 ms | IP: ::ffff:127.0.0.1
[2026-10-06 22:53:14] ERROR: PrismaClientKnownRequestError: 
Invalid `prisma.task.findFirst()` invocation:


The column `Task.position` does not exist in the current database.
    at ei.handleRequestError (F:\Programming\Projects\HabStreak\backend\node_modules\@prisma\client\src\runtime\RequestHandler.ts:228:13)
    at ei.handleAndLogRequestError (F:\Programming\Projects\HabStreak\backend\node_modules\@prisma\client\src\runtime\RequestHandler.ts:174:12)
    at ei.request (F:\Programming\Projects\HabStreak\backend\node_modules\@prisma\client\src\runtime\RequestHandler.ts:143:12)
    at async a (F:\Programming\Projects\HabStreak\backend\node_modules\@prisma\client\src\runtime\getPrismaClient.ts:833:24)
    at async Module.createTask (file:///F:/Programming/Projects/HabStreak/backend/services/task.service.ts:34:22)
    at async file:///F:/Programming/Projects/HabStreak/backend/Controllers/task.controller.ts:35:16
[2026-10-06 22:53:14] INFO: POST /api/tasks/ | 400 | 12 ms | IP: ::ffff:127.0.0.1
[2026-10-06 22:53:14] ERROR: PrismaClientKnownRequestError: 
Invalid `prisma.task.findFirst()` invocation:


The column `Task.position` does not exist in the current database.
    at ei.handleRequestError (F:\Programming\Projects\HabStreak\backend\node_modules\@prisma\client\src\runtime\RequestHandler.ts:228:13)
    at ei.handleAndLogRequestError (F:\Programming\Projects\HabStreak\backend\node_modules\@prisma\client\src\runtime\RequestHandler.ts:174:12)
    at ei.request (F:\Programming\Projects\HabStreak\backend\node_modules\@prisma\client\src\runtime\RequestHandler.ts:143:12)
    at async a (F:\Programming\Projects\HabStreak\backend\node_modules\@prisma\client\src\runtime\getPrismaClient.ts:833:24)
    at async Module.createTask (file:///F:/Programming/Projects/HabStreak/backend/services/task.service.ts:34:22)
    at async file:///F:/Programming/Projects/HabStreak/backend/Controllers/task.controller.ts:35:16
[2026-10-06 22:53:14] INFO: POST /api/tasks/ | 400 | 12 ms | IP: ::ffff:127.0.0.1
[2026-10-06 22:53:14] ERROR: PrismaClientKnownRequestError: 
Invalid `prisma.task.findFirst()` invocation:


The column `Task.position` does not exist in the current database.
    at ei.handleRequestError (F:\Programming\Projects\HabStreak\backend\node_modules\@prisma\client\src\runtime\RequestHandler.ts:228:13)
    at ei.handleAndLogRequestError (F:\Programming\Projects\HabStreak\backend\node_modules\@prisma\client\src\runtime\RequestHandler.ts:174:12)
    at ei.request (F:\Programming\Projects\HabStreak\backend\node_modules\@prisma\client\src\runtime\RequestHandler.ts:143:12)
    at async a (F:\Programming\Projects\HabStreak\backend\node_modules\@prisma\client\src\runtime\getPrismaClient.ts:833:24)
    at async Module.createTask (file:///F:/Programming/Projects/HabStreak/backend/services/task.service.ts:34:22)
    at async file:///F:/Programming/Projects/HabStreak/backend/Controllers/task.controller.ts:35:16
[2026-10-06 22:53:14] INFO: POST /api/tasks/ | 400 | 14 ms | IP: ::ffff:127.0.0.1
[2026-10-06 22:53:14] ERROR: PrismaClientKnownRequestError: 
Invalid `prisma.task.findFirst()` invocation:


The column `Task.position` does not exist in the current database.
    at ei.handleRequestError (F:\Programming\Projects\HabStreak\backend\node_modules\@prisma\client\src\runtime\RequestHandler.ts:228:13)
    at ei.handleAndLogRequestError (F:\Programming\Projects\HabStreak\backend\node_modules\@prisma\client\src\runtime\RequestHandler.ts:174:12)
    at ei.request (F:\Programming\Projects\HabStreak\backend\node_modules\@prisma\client\src\runtime\RequestHandler.ts:143:12)
    at async a (F:\Programming\Projects\HabStreak\backend\node_modules\@prisma\client\src\runtime\getPrismaClient.ts:833:24)
    at async Module.createTask (file:///F:/Programming/Projects/HabStreak/backend/services/task.service.ts:34:22)
    at async file:///F:/Programming/Projects/HabStreak/backend/Controllers/task.controller.ts:35:16
[2026-10-06 22:53:14] INFO: POST /api/tasks/ | 400 | 15 ms | IP: ::ffff:127.0.0.1
[2026-10-06 22:53:14] ERROR: PrismaClientKnownRequestError: 
Invalid `prisma.task.findFirst()` invocation:


The column `Task.position` does not exist in the current database.
    at ei.handleRequestError (F:\Programming\Projects\HabStreak\backend\node_modules\@prisma\client\src\runtime\RequestHandler.ts:228:13)
    at ei.handleAndLogRequestError (F:\Programming\Projects\HabStreak\backend\node_modules\@prisma\client\src\runtime\RequestHandler.ts:174:12)
    at ei.request (F:\Programming\Projects\HabStreak\backend\node_modules\@prisma\client\src\runtime\RequestHandler.ts:143:12)
    at async a (F:\Programming\Projects\HabStreak\backend\node_modules\@prisma\client\src\runtime\getPrismaClient.ts:833:24)
    at async Module.createTask (file:///F:/Programming/Projects/HabStreak/backend/services/task.service.ts:34:22)
    at async file:///F:/Programming/Projects/HabStreak/backend/Controllers/task.controller.ts:35:16
[2026-10-06 22:53:14] INFO: POST /api/tasks/ | 400 | 16 ms | IP: ::ffff:127.0.0.1
[2026-10-06 22:53:15] ERROR: PrismaClientKnownRequestError: 
Invalid `prisma.task.findFirst()` invocation:


The column `Task.position` does not exist in the current database.
    at ei.handleRequestError (F:\Programming\Projects\HabStreak\backend\node_modules\@prisma\client\src\runtime\RequestHandler.ts:228:13)
    at ei.handleAndLogRequestError (F:\Programming\Projects\HabStreak\backend\node_modules\@prisma\client\src\runtime\RequestHandler.ts:174:12)
    at ei.request (F:\Programming\Projects\HabStreak\backend\node_modules\@prisma\client\src\runtime\RequestHandler.ts:143:12)
    at async a (F:\Programming\Projects\HabStreak\backend\node_modules\@prisma\client\src\runtime\getPrismaClient.ts:833:24)
    at async Module.createTask (file:///F:/Programming/Projects/HabStreak/backend/services/task.service.ts:34:22)
    at async file:///F:/Programming/Projects/HabStreak/backend/Controllers/task.controller.ts:35:16
[2026-10-06 22:53:15] INFO: POST /api/tasks/ | 400 | 12 ms | IP: ::ffff:127.0.0.1
[2026-10-06 22:53:15] ERROR: PrismaClientKnownRequestError: 
Invalid `prisma.task.findFirst()` invocation:


The column `Task.position` does not exist in the current database.
    at ei.handleRequestError (F:\Programming\Projects\HabStreak\backend\node_modules\@prisma\client\src\runtime\RequestHandler.ts:228:13)
    at ei.handleAndLogRequestError (F:\Programming\Projects\HabStreak\backend\node_modules\@prisma\client\src\runtime\RequestHandler.ts:174:12)
    at ei.request (F:\Programming\Projects\HabStreak\backend\node_modules\@prisma\client\src\runtime\RequestHandler.ts:143:12)
    at async a (F:\Programming\Projects\HabStreak\backend\node_modules\@prisma\client\src\runtime\getPrismaClient.ts:833:24)
    at async Module.createTask (file:///F:/Programming/Projects/HabStreak/backend/services/task.service.ts:34:22)
    at async file:///F:/Programming/Projects/HabStreak/backend/Controllers/task.controller.ts:35:16
[2026-10-06 22:53:15] INFO: POST /api/tasks/ | 400 | 22 ms | IP: ::ffff:127.0.0.1
[2026-10-06 22:53:15] ERROR: PrismaClientKnownRequestError: 
Invalid `prisma.task.findFirst()` invocation:


The column `Task.position` does not exist in the current database.
    at ei.handleRequestError (F:\Programming\Projects\HabStreak\backend\node_modules\@prisma\client\src\runtime\RequestHandler.ts:228:13)
    at ei.handleAndLogRequestError (F:\Programming\Projects\HabStreak\backend\node_modules\@prisma\client\src\runtime\RequestHandler.ts:174:12)
    at ei.request (F:\Programming\Projects\HabStreak\backend\node_modules\@prisma\client\src\runtime\RequestHandler.ts:143:12)
    at async a (F:\Programming\Projects\HabStreak\backend\node_modules\@prisma\client\src\runtime\getPrismaClient.ts:833:24)
    at async Module.createTask (file:///F:/Programming/Projects/HabStreak/backend/services/task.service.ts:34:22)
    at async file:///F:/Programming/Projects/HabStreak/backend/Controllers/task.controller.ts:35:16
[2026-10-06 22:53:15] INFO: POST /api/tasks/ | 400 | 16 ms | IP: ::ffff:127.0.0.1
[2026-10-06 22:53:15] ERROR: PrismaClientKnownRequestError: 
Invalid `prisma.task.findFirst()` invocation:


The column `Task.position` does not exist in the current database.
    at ei.handleRequestError (F:\Programming\Projects\HabStreak\backend\node_modules\@prisma\client\src\runtime\RequestHandler.ts:228:13)
    at ei.handleAndLogRequestError (F:\Programming\Projects\HabStreak\backend\node_modules\@prisma\client\src\runtime\RequestHandler.ts:174:12)
    at ei.request (F:\Programming\Projects\HabStreak\backend\node_modules\@prisma\client\src\runtime\RequestHandler.ts:143:12)
    at async a (F:\Programming\Projects\HabStreak\backend\node_modules\@prisma\client\src\runtime\getPrismaClient.ts:833:24)
    at async Module.createTask (file:///F:/Programming/Projects/HabStreak/backend/services/task.service.ts:34:22)
    at async file:///F:/Programming/Projects/HabStreak/backend/Controllers/task.controller.ts:35:16
[2026-10-06 22:53:15] INFO: POST /api/tasks/ | 400 | 21 ms | IP: ::ffff:127.0.0.1
[2026-10-06 22:53:15] ERROR: PrismaClientKnownRequestError: 
Invalid `prisma.task.findFirst()` invocation:


The column `Task.position` does not exist in the current database.
    at ei.handleRequestError (F:\Programming\Projects\HabStreak\backend\node_modules\@prisma\client\src\runtime\RequestHandler.ts:228:13)
    at ei.handleAndLogRequestError (F:\Programming\Projects\HabStreak\backend\node_modules\@prisma\client\src\runtime\RequestHandler.ts:174:12)
    at ei.request (F:\Programming\Projects\HabStreak\backend\node_modules\@prisma\client\src\runtime\RequestHandler.ts:143:12)
    at async a (F:\Programming\Projects\HabStreak\backend\node_modules\@prisma\client\src\runtime\getPrismaClient.ts:833:24)
    at async Module.createTask (file:///F:/Programming/Projects/HabStreak/backend/services/task.service.ts:34:22)
    at async file:///F:/Programming/Projects/HabStreak/backend/Controllers/task.controller.ts:35:16
[2026-10-06 22:53:15] INFO: POST /api/tasks/ | 400 | 17 ms | IP: ::ffff:127.0.0.1
[2026-10-06 22:53:16] ERROR: PrismaClientKnownRequestError: 
Invalid `prisma.task.findFirst()` invocation:


The column `Task.position` does not exist in the current database.
    at ei.handleRequestError (F:\Programming\Projects\HabStreak\backend\node_modules\@prisma\client\src\runtime\RequestHandler.ts:228:13)
    at ei.handleAndLogRequestError (F:\Programming\Projects\HabStreak\backend\node_modules\@prisma\client\src\runtime\RequestHandler.ts:174:12)
    at ei.request (F:\Programming\Projects\HabStreak\backend\node_modules\@prisma\client\src\runtime\RequestHandler.ts:143:12)
    at async a (F:\Programming\Projects\HabStreak\backend\node_modules\@prisma\client\src\runtime\getPrismaClient.ts:833:24)
    at async Module.createTask (file:///F:/Programming/Projects/HabStreak/backend/services/task.service.ts:34:22)
    at async file:///F:/Programming/Projects/HabStreak/backend/Controllers/task.controller.ts:35:16
[2026-10-06 22:53:16] INFO: POST /api/tasks/ | 400 | 14 ms | IP: ::ffff:127.0.0.1
[2026-10-06 22:53:16] ERROR: PrismaClientKnownRequestError: 
Invalid `prisma.task.findFirst()` invocation:


The column `Task.position` does not exist in the current database.
    at ei.handleRequestError (F:\Programming\Projects\HabStreak\backend\node_modules\@prisma\client\src\runtime\RequestHandler.ts:228:13)
    at ei.handleAndLogRequestError (F:\Programming\Projects\HabStreak\backend\node_modules\@prisma\client\src\runtime\RequestHandler.ts:174:12)
    at ei.request (F:\Programming\Projects\HabStreak\backend\node_modules\@prisma\client\src\runtime\RequestHandler.ts:143:12)
    at async a (F:\Programming\Projects\HabStreak\backend\node_modules\@prisma\client\src\runtime\getPrismaClient.ts:833:24)
    at async Module.createTask (file:///F:/Programming/Projects/HabStreak/backend/services/task.service.ts:34:22)
    at async file:///F:/Programming/Projects/HabStreak/backend/Controllers/task.controller.ts:35:16
[2026-10-06 22:53:16] INFO: POST /api/tasks/ | 400 | 15 ms | IP: ::ffff:127.0.0.1
[2026-10-06 22:53:16] ERROR: PrismaClientKnownRequestError: 
Invalid `prisma.task.findFirst()` invocation:


The column `Task.position` does not exist in the current database.
    at ei.handleRequestError (F:\Programming\Projects\HabStreak\backend\node_modules\@prisma\client\src\runtime\RequestHandler.ts:228:13)
    at ei.handleAndLogRequestError (F:\Programming\Projects\HabStreak\backend\node_modules\@prisma\client\src\runtime\RequestHandler.ts:174:12)
    at ei.request (F:\Programming\Projects\HabStreak\backend\node_modules\@prisma\client\src\runtime\RequestHandler.ts:143:12)
    at async a (F:\Programming\Projects\HabStreak\backend\node_modules\@prisma\client\src\runtime\getPrismaClient.ts:833:24)
    at async Module.createTask (file:///F:/Programming/Projects/HabStreak/backend/services/task.service.ts:34:22)
    at async file:///F:/Programming/Projects/HabStreak/backend/Controllers/task.controller.ts:35:16
[2026-10-06 22:53:16] INFO: POST /api/tasks/ | 400 | 13 ms | IP: ::ffff:127.0.0.1
[2026-10-06 22:53:16] ERROR: PrismaClientKnownRequestError: 
Invalid `prisma.task.findFirst()` invocation:


The column `Task.position` does not exist in the current database.
    at ei.handleRequestError (F:\Programming\Projects\HabStreak\backend\node_modules\@prisma\client\src\runtime\RequestHandler.ts:228:13)
    at ei.handleAndLogRequestError (F:\Programming\Projects\HabStreak\backend\node_modules\@prisma\client\src\runtime\RequestHandler.ts:174:12)
    at ei.request (F:\Programming\Projects\HabStreak\backend\node_modules\@prisma\client\src\runtime\RequestHandler.ts:143:12)
    at async a (F:\Programming\Projects\HabStreak\backend\node_modules\@prisma\client\src\runtime\getPrismaClient.ts:833:24)
    at async Module.createTask (file:///F:/Programming/Projects/HabStreak/backend/services/task.service.ts:34:22)
    at async file:///F:/Programming/Projects/HabStreak/backend/Controllers/task.controller.ts:35:16
[2026-10-06 22:53:16] INFO: POST /api/tasks/ | 400 | 16 ms | IP: ::ffff:127.0.0.1
[2026-10-06 22:53:16] ERROR: PrismaClientKnownRequestError: 
Invalid `prisma.task.findFirst()` invocation:


The column `Task.position` does not exist in the current database.
    at ei.handleRequestError (F:\Programming\Projects\HabStreak\backend\node_modules\@prisma\client\src\runtime\RequestHandler.ts:228:13)
    at ei.handleAndLogRequestError (F:\Programming\Projects\HabStreak\backend\node_modules\@prisma\client\src\runtime\RequestHandler.ts:174:12)
    at ei.request (F:\Programming\Projects\HabStreak\backend\node_modules\@prisma\client\src\runtime\RequestHandler.ts:143:12)
    at async a (F:\Programming\Projects\HabStreak\backend\node_modules\@prisma\client\src\runtime\getPrismaClient.ts:833:24)
    at async Module.createTask (file:///F:/Programming/Projects/HabStreak/backend/services/task.service.ts:34:22)
    at async file:///F:/Programming/Projects/HabStreak/backend/Controllers/task.controller.ts:35:16
[2026-10-06 22:53:16] INFO: POST /api/tasks/ | 400 | 16 ms | IP: ::ffff:127.0.0.1
[2026-10-06 22:53:17] ERROR: PrismaClientKnownRequestError: 
Invalid `prisma.task.findFirst()` invocation:


The column `Task.position` does not exist in the current database.
    at ei.handleRequestError (F:\Programming\Projects\HabStreak\backend\node_modules\@prisma\client\src\runtime\RequestHandler.ts:228:13)
    at ei.handleAndLogRequestError (F:\Programming\Projects\HabStreak\backend\node_modules\@prisma\client\src\runtime\RequestHandler.ts:174:12)
    at ei.request (F:\Programming\Projects\HabStreak\backend\node_modules\@prisma\client\src\runtime\RequestHandler.ts:143:12)
    at async a (F:\Programming\Projects\HabStreak\backend\node_modules\@prisma\client\src\runtime\getPrismaClient.ts:833:24)
    at async Module.createTask (file:///F:/Programming/Projects/HabStreak/backend/services/task.service.ts:34:22)
    at async file:///F:/Programming/Projects/HabStreak/backend/Controllers/task.controller.ts:35:16
[2026-10-06 22:53:17] INFO: POST /api/tasks/ | 400 | 16 ms | IP: ::ffff:127.0.0.1
[2026-10-06 22:53:17] ERROR: PrismaClientKnownRequestError: 
Invalid `prisma.task.findFirst()` invocation:


The column `Task.position` does not exist in the current database.
    at ei.handleRequestError (F:\Programming\Projects\HabStreak\backend\node_modules\@prisma\client\src\runtime\RequestHandler.ts:228:13)
    at ei.handleAndLogRequestError (F:\Programming\Projects\HabStreak\backend\node_modules\@prisma\client\src\runtime\RequestHandler.ts:174:12)
    at ei.request (F:\Programming\Projects\HabStreak\backend\node_modules\@prisma\client\src\runtime\RequestHandler.ts:143:12)
    at async a (F:\Programming\Projects\HabStreak\backend\node_modules\@prisma\client\src\runtime\getPrismaClient.ts:833:24)
    at async Module.createTask (file:///F:/Programming/Projects/HabStreak/backend/services/task.service.ts:34:22)
    at async file:///F:/Programming/Projects/HabStreak/backend/Controllers/task.controller.ts:35:16
[2026-10-06 22:53:17] INFO: POST /api/tasks/ | 400 | 12 ms | IP: ::ffff:127.0.0.1
[2026-10-06 22:53:17] ERROR: PrismaClientKnownRequestError: 
Invalid `prisma.task.findFirst()` invocation:


The column `Task.position` does not exist in the current database.
    at ei.handleRequestError (F:\Programming\Projects\HabStreak\backend\node_modules\@prisma\client\src\runtime\RequestHandler.ts:228:13)
    at ei.handleAndLogRequestError (F:\Programming\Projects\HabStreak\backend\node_modules\@prisma\client\src\runtime\RequestHandler.ts:174:12)
    at ei.request (F:\Programming\Projects\HabStreak\backend\node_modules\@prisma\client\src\runtime\RequestHandler.ts:143:12)
    at async a (F:\Programming\Projects\HabStreak\backend\node_modules\@prisma\client\src\runtime\getPrismaClient.ts:833:24)
    at async Module.createTask (file:///F:/Programming/Projects/HabStreak/backend/services/task.service.ts:34:22)
    at async file:///F:/Programming/Projects/HabStreak/backend/Controllers/task.controller.ts:35:16
[2026-10-06 22:53:17] INFO: POST /api/tasks/ | 400 | 20 ms | IP: ::ffff:127.0.0.1
[2026-10-06 22:53:17] ERROR: PrismaClientKnownRequestError: 
Invalid `prisma.task.findFirst()` invocation:


The column `Task.position` does not exist in the current database.
    at ei.handleRequestError (F:\Programming\Projects\HabStreak\backend\node_modules\@prisma\client\src\runtime\RequestHandler.ts:228:13)
    at ei.handleAndLogRequestError (F:\Programming\Projects\HabStreak\backend\node_modules\@prisma\client\src\runtime\RequestHandler.ts:174:12)
    at ei.request (F:\Programming\Projects\HabStreak\backend\node_modules\@prisma\client\src\runtime\RequestHandler.ts:143:12)
    at async a (F:\Programming\Projects\HabStreak\backend\node_modules\@prisma\client\src\runtime\getPrismaClient.ts:833:24)
    at async Module.createTask (file:///F:/Programming/Projects/HabStreak/backend/services/task.service.ts:34:22)
    at async file:///F:/Programming/Projects/HabStreak/backend/Controllers/task.controller.ts:35:16
[2026-10-06 22:53:17] INFO: POST /api/tasks/ | 400 | 13 ms | IP: ::ffff:127.0.0.1
[2026-10-06 22:53:18] ERROR: PrismaClientKnownRequestError: 
Invalid `prisma.task.findFirst()` invocation:


The column `Task.position` does not exist in the current database.
    at ei.handleRequestError (F:\Programming\Projects\HabStreak\backend\node_modules\@prisma\client\src\runtime\RequestHandler.ts:228:13)
    at ei.handleAndLogRequestError (F:\Programming\Projects\HabStreak\backend\node_modules\@prisma\client\src\runtime\RequestHandler.ts:174:12)
    at ei.request (F:\Programming\Projects\HabStreak\backend\node_modules\@prisma\client\src\runtime\RequestHandler.ts:143:12)
    at async a (F:\Programming\Projects\HabStreak\backend\node_modules\@prisma\client\src\runtime\getPrismaClient.ts:833:24)
    at async Module.createTask (file:///F:/Programming/Projects/HabStreak/backend/services/task.service.ts:34:22)
    at async file:///F:/Programming/Projects/HabStreak/backend/Controllers/task.controller.ts:35:16
[2026-10-06 22:53:18] INFO: POST /api/tasks/ | 400 | 13 ms | IP: ::ffff:127.0.0.1
[2026-10-06 22:53:18] ERROR: PrismaClientKnownRequestError: 
Invalid `prisma.task.findFirst()` invocation:


The column `Task.position` does not exist in the current database.
    at ei.handleRequestError (F:\Programming\Projects\HabStreak\backend\node_modules\@prisma\client\src\runtime\RequestHandler.ts:228:13)
    at ei.handleAndLogRequestError (F:\Programming\Projects\HabStreak\backend\node_modules\@prisma\client\src\runtime\RequestHandler.ts:174:12)
    at ei.request (F:\Programming\Projects\HabStreak\backend\node_modules\@prisma\client\src\runtime\RequestHandler.ts:143:12)
    at async a (F:\Programming\Projects\HabStreak\backend\node_modules\@prisma\client\src\runtime\getPrismaClient.ts:833:24)
    at async Module.createTask (file:///F:/Programming/Projects/HabStreak/backend/services/task.service.ts:34:22)
    at async file:///F:/Programming/Projects/HabStreak/backend/Controllers/task.controller.ts:35:16
[2026-10-06 22:53:18] INFO: POST /api/tasks/ | 400 | 13 ms | IP: ::ffff:127.0.0.1
[2026-10-06 22:53:18] ERROR: PrismaClientKnownRequestError: 
Invalid `prisma.task.findFirst()` invocation:


The column `Task.position` does not exist in the current database.
    at ei.handleRequestError (F:\Programming\Projects\HabStreak\backend\node_modules\@prisma\client\src\runtime\RequestHandler.ts:228:13)
    at ei.handleAndLogRequestError (F:\Programming\Projects\HabStreak\backend\node_modules\@prisma\client\src\runtime\RequestHandler.ts:174:12)
    at ei.request (F:\Programming\Projects\HabStreak\backend\node_modules\@prisma\client\src\runtime\RequestHandler.ts:143:12)
    at async a (F:\Programming\Projects\HabStreak\backend\node_modules\@prisma\client\src\runtime\getPrismaClient.ts:833:24)
    at async Module.createTask (file:///F:/Programming/Projects/HabStreak/backend/services/task.service.ts:34:22)
    at async file:///F:/Programming/Projects/HabStreak/backend/Controllers/task.controller.ts:35:16
[2026-10-06 22:53:18] INFO: POST /api/tasks/ | 400 | 13 ms | IP: ::ffff:127.0.0.1
[2026-10-06 22:53:19] ERROR: PrismaClientKnownRequestError: 
Invalid `prisma.task.findFirst()` invocation:


The column `Task.position` does not exist in the current database.
    at ei.handleRequestError (F:\Programming\Projects\HabStreak\backend\node_modules\@prisma\client\src\runtime\RequestHandler.ts:228:13)
    at ei.handleAndLogRequestError (F:\Programming\Projects\HabStreak\backend\node_modules\@prisma\client\src\runtime\RequestHandler.ts:174:12)
    at ei.request (F:\Programming\Projects\HabStreak\backend\node_modules\@prisma\client\src\runtime\RequestHandler.ts:143:12)
    at async a (F:\Programming\Projects\HabStreak\backend\node_modules\@prisma\client\src\runtime\getPrismaClient.ts:833:24)
    at async Module.createTask (file:///F:/Programming/Projects/HabStreak/backend/services/task.service.ts:34:22)
    at async file:///F:/Programming/Projects/HabStreak/backend/Controllers/task.controller.ts:35:16
[2026-10-06 22:53:19] INFO: POST /api/tasks/ | 400 | 12 ms | IP: ::ffff:127.0.0.1
[2026-10-06 22:53:19] ERROR: PrismaClientKnownRequestError: 
Invalid `prisma.task.findFirst()` invocation:


The column `Task.position` does not exist in the current database.
    at ei.handleRequestError (F:\Programming\Projects\HabStreak\backend\node_modules\@prisma\client\src\runtime\RequestHandler.ts:228:13)
    at ei.handleAndLogRequestError (F:\Programming\Projects\HabStreak\backend\node_modules\@prisma\client\src\runtime\RequestHandler.ts:174:12)
    at ei.request (F:\Programming\Projects\HabStreak\backend\node_modules\@prisma\client\src\runtime\RequestHandler.ts:143:12)
    at async a (F:\Programming\Projects\HabStreak\backend\node_modules\@prisma\client\src\runtime\getPrismaClient.ts:833:24)
    at async Module.createTask (file:///F:/Programming/Projects/HabStreak/backend/services/task.service.ts:34:22)
    at async file:///F:/Programming/Projects/HabStreak/backend/Controllers/task.controller.ts:35:16
[2026-10-06 22:53:19] INFO: POST /api/tasks/ | 400 | 14 ms | IP: ::ffff:127.0.0.1
[2026-10-06 22:53:19] ERROR: PrismaClientKnownRequestError: 
Invalid `prisma.task.findFirst()` invocation:


The column `Task.position` does not exist in the current database.
    at ei.handleRequestError (F:\Programming\Projects\HabStreak\backend\node_modules\@prisma\client\src\runtime\RequestHandler.ts:228:13)
    at ei.handleAndLogRequestError (F:\Programming\Projects\HabStreak\backend\node_modules\@prisma\client\src\runtime\RequestHandler.ts:174:12)
    at ei.request (F:\Programming\Projects\HabStreak\backend\node_modules\@prisma\client\src\runtime\RequestHandler.ts:143:12)
    at async a (F:\Programming\Projects\HabStreak\backend\node_modules\@prisma\client\src\runtime\getPrismaClient.ts:833:24)
    at async Module.createTask (file:///F:/Programming/Projects/HabStreak/backend/services/task.service.ts:34:22)
    at async file:///F:/Programming/Projects/HabStreak/backend/Controllers/task.controller.ts:35:16
[2026-10-06 22:53:19] INFO: POST /api/tasks/ | 400 | 15 ms | IP: ::ffff:127.0.0.1
[2026-10-06 22:53:19] ERROR: PrismaClientKnownRequestError: 
Invalid `prisma.task.findFirst()` invocation:


The column `Task.position` does not exist in the current database.
    at ei.handleRequestError (F:\Programming\Projects\HabStreak\backend\node_modules\@prisma\client\src\runtime\RequestHandler.ts:228:13)
    at ei.handleAndLogRequestError (F:\Programming\Projects\HabStreak\backend\node_modules\@prisma\client\src\runtime\RequestHandler.ts:174:12)
    at ei.request (F:\Programming\Projects\HabStreak\backend\node_modules\@prisma\client\src\runtime\RequestHandler.ts:143:12)
    at async a (F:\Programming\Projects\HabStreak\backend\node_modules\@prisma\client\src\runtime\getPrismaClient.ts:833:24)
    at async Module.createTask (file:///F:/Programming/Projects/HabStreak/backend/services/task.service.ts:34:22)
    at async file:///F:/Programming/Projects/HabStreak/backend/Controllers/task.controller.ts:35:16
[2026-10-06 22:53:19] INFO: POST /api/tasks/ | 400 | 13 ms | IP: ::ffff:127.0.0.1
[2026-10-06 22:53:19] ERROR: PrismaClientKnownRequestError: 
Invalid `prisma.task.findFirst()` invocation:


The column `Task.position` does not exist in the current database.
    at ei.handleRequestError (F:\Programming\Projects\HabStreak\backend\node_modules\@prisma\client\src\runtime\RequestHandler.ts:228:13)
    at ei.handleAndLogRequestError (F:\Programming\Projects\HabStreak\backend\node_modules\@prisma\client\src\runtime\RequestHandler.ts:174:12)
    at ei.request (F:\Programming\Projects\HabStreak\backend\node_modules\@prisma\client\src\runtime\RequestHandler.ts:143:12)
    at async a (F:\Programming\Projects\HabStreak\backend\node_modules\@prisma\client\src\runtime\getPrismaClient.ts:833:24)
    at async Module.createTask (file:///F:/Programming/Projects/HabStreak/backend/services/task.service.ts:34:22)
    at async file:///F:/Programming/Projects/HabStreak/backend/Controllers/task.controller.ts:35:16
[2026-10-06 22:53:19] INFO: POST /api/tasks/ | 400 | 21 ms | IP: ::ffff:127.0.0.1
[2026-10-06 22:53:20] ERROR: PrismaClientKnownRequestError: 
Invalid `prisma.task.findFirst()` invocation:


The column `Task.position` does not exist in the current database.
    at ei.handleRequestError (F:\Programming\Projects\HabStreak\backend\node_modules\@prisma\client\src\runtime\RequestHandler.ts:228:13)
    at ei.handleAndLogRequestError (F:\Programming\Projects\HabStreak\backend\node_modules\@prisma\client\src\runtime\RequestHandler.ts:174:12)
    at ei.request (F:\Programming\Projects\HabStreak\backend\node_modules\@prisma\client\src\runtime\RequestHandler.ts:143:12)
    at async a (F:\Programming\Projects\HabStreak\backend\node_modules\@prisma\client\src\runtime\getPrismaClient.ts:833:24)
    at async Module.createTask (file:///F:/Programming/Projects/HabStreak/backend/services/task.service.ts:34:22)
    at async file:///F:/Programming/Projects/HabStreak/backend/Controllers/task.controller.ts:35:16
[2026-10-06 22:53:20] INFO: POST /api/tasks/ | 400 | 18 ms | IP: ::ffff:127.0.0.1
[2026-10-06 22:53:20] ERROR: PrismaClientKnownRequestError: 
Invalid `prisma.task.findFirst()` invocation:


The column `Task.position` does not exist in the current database.
    at ei.handleRequestError (F:\Programming\Projects\HabStreak\backend\node_modules\@prisma\client\src\runtime\RequestHandler.ts:228:13)
    at ei.handleAndLogRequestError (F:\Programming\Projects\HabStreak\backend\node_modules\@prisma\client\src\runtime\RequestHandler.ts:174:12)
    at ei.request (F:\Programming\Projects\HabStreak\backend\node_modules\@prisma\client\src\runtime\RequestHandler.ts:143:12)
    at async a (F:\Programming\Projects\HabStreak\backend\node_modules\@prisma\client\src\runtime\getPrismaClient.ts:833:24)
    at async Module.createTask (file:///F:/Programming/Projects/HabStreak/backend/services/task.service.ts:34:22)
    at async file:///F:/Programming/Projects/HabStreak/backend/Controllers/task.controller.ts:35:16
[2026-10-06 22:53:20] INFO: POST /api/tasks/ | 400 | 16 ms | IP: ::ffff:127.0.0.1
[2026-10-06 22:53:23] INFO: POST /api/auth/login | 200 | 154 ms | IP: ::ffff:127.0.0.1
[2026-10-06 22:53:24] INFO: POST /api/auth/login | 200 | 118 ms | IP: ::ffff:127.0.0.1
[2026-10-06 22:53:25] INFO: POST /api/auth/login | 200 | 97 ms | IP: ::ffff:127.0.0.1
[2026-10-06 22:53:26] INFO: POST /api/auth/login | 200 | 107 ms | IP: ::ffff:127.0.0.1
[2026-10-06 22:53:26] ERROR: PrismaClientKnownRequestError: 
Invalid `prisma.refreshToken.create()` invocation:


Unique constraint failed on the fields: (`token`)
    at ei.handleRequestError (F:\Programming\Projects\HabStreak\backend\node_modules\@prisma\client\src\runtime\RequestHandler.ts:228:13)
    at ei.handleAndLogRequestError (F:\Programming\Projects\HabStreak\backend\node_modules\@prisma\client\src\runtime\RequestHandler.ts:174:12)
    at ei.request (F:\Programming\Projects\HabStreak\backend\node_modules\@prisma\client\src\runtime\RequestHandler.ts:143:12)
    at async a (F:\Programming\Projects\HabStreak\backend\node_modules\@prisma\client\src\runtime\getPrismaClient.ts:833:24)
    at async file:///F:/Programming/Projects/HabStreak/backend/Controllers/auth.controller.ts:162:5
[2026-10-06 22:53:26] INFO: POST /api/auth/login | 409 | 126 ms | IP: ::ffff:127.0.0.1
[2026-10-06 22:53:26] ERROR: PrismaClientKnownRequestError: 
Invalid `prisma.refreshToken.create()` invocation:


Unique constraint failed on the fields: (`token`)
    at ei.handleRequestError (F:\Programming\Projects\HabStreak\backend\node_modules\@prisma\client\src\runtime\RequestHandler.ts:228:13)
    at ei.handleAndLogRequestError (F:\Programming\Projects\HabStreak\backend\node_modules\@prisma\client\src\runtime\RequestHandler.ts:174:12)
    at ei.request (F:\Programming\Projects\HabStreak\backend\node_modules\@prisma\client\src\runtime\RequestHandler.ts:143:12)
    at async a (F:\Programming\Projects\HabStreak\backend\node_modules\@prisma\client\src\runtime\getPrismaClient.ts:833:24)
    at async file:///F:/Programming/Projects/HabStreak/backend/Controllers/auth.controller.ts:162:5
[2026-10-06 22:53:26] INFO: POST /api/auth/login | 409 | 112 ms | IP: ::ffff:127.0.0.1
[2026-10-06 22:53:27] INFO: POST /api/auth/login | 200 | 106 ms | IP: ::ffff:127.0.0.1
[2026-10-06 22:53:28] INFO: POST /api/auth/login | 200 | 109 ms | IP: ::ffff:127.0.0.1
[2026-10-06 22:53:29] INFO: POST /api/auth/login | 200 | 136 ms | IP: ::ffff:127.0.0.1
[2026-10-06 22:53:29] ERROR: PrismaClientKnownRequestError: 
Invalid `prisma.refreshToken.create()` invocation:


Unique constraint failed on the fields: (`token`)
    at ei.handleRequestError (F:\Programming\Projects\HabStreak\backend\node_modules\@prisma\client\src\runtime\RequestHandler.ts:228:13)
    at ei.handleAndLogRequestError (F:\Programming\Projects\HabStreak\backend\node_modules\@prisma\client\src\runtime\RequestHandler.ts:174:12)
    at ei.request (F:\Programming\Projects\HabStreak\backend\node_modules\@prisma\client\src\runtime\RequestHandler.ts:143:12)
    at async a (F:\Programming\Projects\HabStreak\backend\node_modules\@prisma\client\src\runtime\getPrismaClient.ts:833:24)
    at async file:///F:/Programming/Projects/HabStreak/backend/Controllers/auth.controller.ts:162:5
[2026-10-06 22:53:29] INFO: POST /api/auth/login | 409 | 113 ms | IP: ::ffff:127.0.0.1
[2026-10-06 22:53:30] INFO: POST /api/auth/login | 200 | 114 ms | IP: ::ffff:127.0.0.1
[2026-10-06 22:53:30] ERROR: PrismaClientKnownRequestError: 
Invalid `prisma.refreshToken.create()` invocation:


Unique constraint failed on the fields: (`token`)
    at ei.handleRequestError (F:\Programming\Projects\HabStreak\backend\node_modules\@prisma\client\src\runtime\RequestHandler.ts:228:13)
    at ei.handleAndLogRequestError (F:\Programming\Projects\HabStreak\backend\node_modules\@prisma\client\src\runtime\RequestHandler.ts:174:12)
    at ei.request (F:\Programming\Projects\HabStreak\backend\node_modules\@prisma\client\src\runtime\RequestHandler.ts:143:12)
    at async a (F:\Programming\Projects\HabStreak\backend\node_modules\@prisma\client\src\runtime\getPrismaClient.ts:833:24)
    at async file:///F:/Programming/Projects/HabStreak/backend/Controllers/auth.controller.ts:162:5
[2026-10-06 22:53:30] INFO: POST /api/auth/login | 409 | 124 ms | IP: ::ffff:127.0.0.1
[2026-10-06 22:53:31] INFO: POST /api/auth/login | 200 | 116 ms | IP: ::ffff:127.0.0.1
[2026-10-06 22:53:31] ERROR: PrismaClientKnownRequestError: 
Invalid `prisma.refreshToken.create()` invocation:


Unique constraint failed on the fields: (`token`)
    at ei.handleRequestError (F:\Programming\Projects\HabStreak\backend\node_modules\@prisma\client\src\runtime\RequestHandler.ts:228:13)
    at ei.handleAndLogRequestError (F:\Programming\Projects\HabStreak\backend\node_modules\@prisma\client\src\runtime\RequestHandler.ts:174:12)
    at ei.request (F:\Programming\Projects\HabStreak\backend\node_modules\@prisma\client\src\runtime\RequestHandler.ts:143:12)
    at async a (F:\Programming\Projects\HabStreak\backend\node_modules\@prisma\client\src\runtime\getPrismaClient.ts:833:24)
    at async file:///F:/Programming/Projects/HabStreak/backend/Controllers/auth.controller.ts:162:5
[2026-10-06 22:53:31] INFO: POST /api/auth/login | 409 | 105 ms | IP: ::ffff:127.0.0.1
[2026-10-06 22:53:31] ERROR: PrismaClientKnownRequestError: 
Invalid `prisma.refreshToken.create()` invocation:


Unique constraint failed on the fields: (`token`)
    at ei.handleRequestError (F:\Programming\Projects\HabStreak\backend\node_modules\@prisma\client\src\runtime\RequestHandler.ts:228:13)
    at ei.handleAndLogRequestError (F:\Programming\Projects\HabStreak\backend\node_modules\@prisma\client\src\runtime\RequestHandler.ts:174:12)
    at ei.request (F:\Programming\Projects\HabStreak\backend\node_modules\@prisma\client\src\runtime\RequestHandler.ts:143:12)
    at async a (F:\Programming\Projects\HabStreak\backend\node_modules\@prisma\client\src\runtime\getPrismaClient.ts:833:24)
    at async file:///F:/Programming/Projects/HabStreak/backend/Controllers/auth.controller.ts:162:5
[2026-10-06 22:53:31] INFO: POST /api/auth/login | 409 | 105 ms | IP: ::ffff:127.0.0.1
[2026-10-06 22:53:31] ERROR: PrismaClientKnownRequestError: 
Invalid `prisma.refreshToken.create()` invocation:


Unique constraint failed on the fields: (`token`)
    at ei.handleRequestError (F:\Programming\Projects\HabStreak\backend\node_modules\@prisma\client\src\runtime\RequestHandler.ts:228:13)
    at ei.handleAndLogRequestError (F:\Programming\Projects\HabStreak\backend\node_modules\@prisma\client\src\runtime\RequestHandler.ts:174:12)
    at ei.request (F:\Programming\Projects\HabStreak\backend\node_modules\@prisma\client\src\runtime\RequestHandler.ts:143:12)
    at async a (F:\Programming\Projects\HabStreak\backend\node_modules\@prisma\client\src\runtime\getPrismaClient.ts:833:24)
    at async file:///F:/Programming/Projects/HabStreak/backend/Controllers/auth.controller.ts:162:5
[2026-10-06 22:53:31] INFO: POST /api/auth/login | 409 | 101 ms | IP: ::ffff:127.0.0.1
[2026-10-06 22:53:32] INFO: POST /api/auth/login | 200 | 103 ms | IP: ::ffff:127.0.0.1
[2026-10-06 22:53:32] ERROR: PrismaClientKnownRequestError: 
Invalid `prisma.refreshToken.create()` invocation:


Unique constraint failed on the fields: (`token`)
    at ei.handleRequestError (F:\Programming\Projects\HabStreak\backend\node_modules\@prisma\client\src\runtime\RequestHandler.ts:228:13)
    at ei.handleAndLogRequestError (F:\Programming\Projects\HabStreak\backend\node_modules\@prisma\client\src\runtime\RequestHandler.ts:174:12)
    at ei.request (F:\Programming\Projects\HabStreak\backend\node_modules\@prisma\client\src\runtime\RequestHandler.ts:143:12)
    at async a (F:\Programming\Projects\HabStreak\backend\node_modules\@prisma\client\src\runtime\getPrismaClient.ts:833:24)
    at async file:///F:/Programming/Projects/HabStreak/backend/Controllers/auth.controller.ts:162:5
[2026-10-06 22:53:32] INFO: POST /api/auth/login | 409 | 109 ms | IP: ::ffff:127.0.0.1
[2026-10-06 22:53:32] ERROR: PrismaClientKnownRequestError: 
Invalid `prisma.refreshToken.create()` invocation:


Unique constraint failed on the fields: (`token`)
    at ei.handleRequestError (F:\Programming\Projects\HabStreak\backend\node_modules\@prisma\client\src\runtime\RequestHandler.ts:228:13)
    at ei.handleAndLogRequestError (F:\Programming\Projects\HabStreak\backend\node_modules\@prisma\client\src\runtime\RequestHandler.ts:174:12)
    at ei.request (F:\Programming\Projects\HabStreak\backend\node_modules\@prisma\client\src\runtime\RequestHandler.ts:143:12)
    at async a (F:\Programming\Projects\HabStreak\backend\node_modules\@prisma\client\src\runtime\getPrismaClient.ts:833:24)
    at async file:///F:/Programming/Projects/HabStreak/backend/Controllers/auth.controller.ts:162:5
[2026-10-06 22:53:32] INFO: POST /api/auth/login | 409 | 101 ms | IP: ::ffff:127.0.0.1
[2026-10-06 22:53:32] ERROR: PrismaClientKnownRequestError: 
Invalid `prisma.refreshToken.create()` invocation:


Unique constraint failed on the fields: (`token`)
    at ei.handleRequestError (F:\Programming\Projects\HabStreak\backend\node_modules\@prisma\client\src\runtime\RequestHandler.ts:228:13)
    at ei.handleAndLogRequestError (F:\Programming\Projects\HabStreak\backend\node_modules\@prisma\client\src\runtime\RequestHandler.ts:174:12)
    at ei.request (F:\Programming\Projects\HabStreak\backend\node_modules\@prisma\client\src\runtime\RequestHandler.ts:143:12)
    at async a (F:\Programming\Projects\HabStreak\backend\node_modules\@prisma\client\src\runtime\getPrismaClient.ts:833:24)
    at async file:///F:/Programming/Projects/HabStreak/backend/Controllers/auth.controller.ts:162:5
[2026-10-06 22:53:32] INFO: POST /api/auth/login | 409 | 92 ms | IP: ::ffff:127.0.0.1
[2026-10-06 22:53:32] INFO: POST /api/auth/login | 429 | 1 ms | IP: ::ffff:127.0.0.1
[2026-10-06 22:53:34] INFO: POST /api/auth/login | 429 | 1 ms | IP: ::ffff:127.0.0.1
[2026-10-06 22:53:35] INFO: POST /api/auth/login | 429 | 1 ms | IP: ::ffff:127.0.0.1
[2026-10-06 22:53:35] INFO: POST /api/auth/login | 429 | 0 ms | IP: ::ffff:127.0.0.1
[2026-10-06 22:53:35] INFO: POST /api/auth/login | 429 | 0 ms | IP: ::ffff:127.0.0.1
[2026-10-06 22:53:35] INFO: POST /api/auth/login | 429 | 1 ms | IP: ::ffff:127.0.0.1
[2026-10-06 22:53:36] INFO: POST /api/auth/login | 429 | 1 ms | IP: ::ffff:127.0.0.1
[2026-10-06 22:53:39] INFO: POST /api/auth/refresh | 200 | 30 ms | IP: ::ffff:127.0.0.1
[2026-10-06 22:53:39] INFO: POST /api/auth/refresh | 200 | 19 ms | IP: ::ffff:127.0.0.1
[2026-10-06 22:53:39] INFO: POST /api/auth/refresh | 200 | 11 ms | IP: ::ffff:127.0.0.1
[2026-10-06 22:53:40] INFO: POST /api/auth/refresh | 200 | 19 ms | IP: ::ffff:127.0.0.1
[2026-10-06 22:53:40] INFO: POST /api/auth/refresh | 200 | 13 ms | IP: ::ffff:127.0.0.1
[2026-10-06 22:53:40] INFO: POST /api/auth/refresh | 200 | 12 ms | IP: ::ffff:127.0.0.1
[2026-10-06 22:53:40] INFO: POST /api/auth/refresh | 200 | 11 ms | IP: ::ffff:127.0.0.1
[2026-10-06 22:53:40] INFO: POST /api/auth/refresh | 200 | 13 ms | IP: ::ffff:127.0.0.1
[2026-10-06 22:53:41] INFO: POST /api/auth/refresh | 200 | 13 ms | IP: ::ffff:127.0.0.1
[2026-10-06 22:53:41] INFO: POST /api/auth/refresh | 200 | 13 ms | IP: ::ffff:127.0.0.1
[2026-10-06 22:53:41] INFO: POST /api/auth/refresh | 200 | 17 ms | IP: ::ffff:127.0.0.1
[2026-10-06 22:53:41] INFO: POST /api/auth/refresh | 200 | 13 ms | IP: ::ffff:127.0.0.1
[2026-10-06 22:53:41] INFO: POST /api/auth/refresh | 200 | 13 ms | IP: ::ffff:127.0.0.1
[2026-10-06 22:53:42] INFO: POST /api/auth/refresh | 200 | 12 ms | IP: ::ffff:127.0.0.1
[2026-10-06 22:53:42] INFO: POST /api/auth/refresh | 200 | 16 ms | IP: ::ffff:127.0.0.1
[2026-10-06 22:53:42] INFO: POST /api/auth/refresh | 200 | 16 ms | IP: ::ffff:127.0.0.1
[2026-10-06 22:53:42] INFO: POST /api/auth/refresh | 200 | 12 ms | IP: ::ffff:127.0.0.1
[2026-10-06 22:53:43] INFO: POST /api/auth/refresh | 200 | 9 ms | IP: ::ffff:127.0.0.1
[2026-10-06 22:53:43] INFO: POST /api/auth/refresh | 200 | 9 ms | IP: ::ffff:127.0.0.1
[2026-10-06 22:53:43] INFO: POST /api/auth/refresh | 200 | 13 ms | IP: ::ffff:127.0.0.1
[2026-10-06 22:53:43] INFO: POST /api/auth/refresh | 429 | 1 ms | IP: ::ffff:127.0.0.1
[2026-10-06 22:53:44] INFO: POST /api/auth/refresh | 429 | 0 ms | IP: ::ffff:127.0.0.1
[2026-10-06 22:53:44] INFO: POST /api/auth/refresh | 429 | 0 ms | IP: ::ffff:127.0.0.1
[2026-10-06 22:53:45] INFO: POST /api/auth/refresh | 429 | 1 ms | IP: ::ffff:127.0.0.1
[2026-10-06 22:53:45] INFO: POST /api/auth/refresh | 429 | 0 ms | IP: ::ffff:127.0.0.1
[2026-10-06 22:53:45] INFO: POST /api/auth/refresh | 429 | 1 ms | IP: ::ffff:127.0.0.1
[2026-10-06 22:53:45] INFO: POST /api/auth/refresh | 429 | 1 ms | IP: ::ffff:127.0.0.1
[2026-10-06 22:53:45] INFO: POST /api/auth/refresh | 429 | 1 ms | IP: ::ffff:127.0.0.1
[2026-10-06 22:53:46] INFO: POST /api/auth/refresh | 429 | 1 ms | IP: ::ffff:127.0.0.1
[2026-10-06 22:53:49] ERROR: Error: Invalid token.
    at authenticateUser (file:///F:/Programming/Projects/HabStreak/backend/Middlewares/auth.middlewares.ts:94:19)
    at Layer.handleRequest (F:\Programming\Projects\HabStreak\backend\node_modules\router\lib\layer.js:152:17)
    at next (F:\Programming\Projects\HabStreak\backend\node_modules\router\lib\route.js:157:13)
    at file:///F:/Programming/Projects/HabStreak/backend/node_modules/express-rate-limit/dist/index.mjs:1015:7
    at processTicksAndRejections (node:internal/process/task_queues:104:5)
    at async file:///F:/Programming/Projects/HabStreak/backend/node_modules/express-rate-limit/dist/index.mjs:835:5
[2026-10-06 22:53:49] INFO: POST /api/auth/logout | 401 | 3 ms | IP: ::ffff:127.0.0.1
[2026-10-06 22:53:50] ERROR: Error: Invalid token.
    at authenticateUser (file:///F:/Programming/Projects/HabStreak/backend/Middlewares/auth.middlewares.ts:94:19)
    at Layer.handleRequest (F:\Programming\Projects\HabStreak\backend\node_modules\router\lib\layer.js:152:17)
    at next (F:\Programming\Projects\HabStreak\backend\node_modules\router\lib\route.js:157:13)
    at file:///F:/Programming/Projects/HabStreak/backend/node_modules/express-rate-limit/dist/index.mjs:1015:7
    at processTicksAndRejections (node:internal/process/task_queues:104:5)
    at async file:///F:/Programming/Projects/HabStreak/backend/node_modules/express-rate-limit/dist/index.mjs:835:5
[2026-10-06 22:53:50] INFO: POST /api/auth/logout | 401 | 2 ms | IP: ::ffff:127.0.0.1
[2026-10-07 01:48:58] INFO: Server is running on http://localhost:3000
[2026-10-07 01:50:40] ERROR: Error: Token expired
    at authenticateUser (file:///F:/Programming/Projects/HabStreak/backend/Middlewares/auth.middlewares.ts:90:19)
    at Layer.handleRequest (F:\Programming\Projects\HabStreak\backend\node_modules\router\lib\layer.js:152:17)
    at trimPrefix (F:\Programming\Projects\HabStreak\backend\node_modules\router\index.js:342:13)
    at F:\Programming\Projects\HabStreak\backend\node_modules\router\index.js:297:9
    at processParams (F:\Programming\Projects\HabStreak\backend\node_modules\router\index.js:582:12)
    at next (F:\Programming\Projects\HabStreak\backend\node_modules\router\index.js:291:5)
    at loggerMiddleware (file:///F:/Programming/Projects/HabStreak/backend/Middlewares/logger.middleware.ts:19:5)
    at Layer.handleRequest (F:\Programming\Projects\HabStreak\backend\node_modules\router\lib\layer.js:152:17)
    at trimPrefix (F:\Programming\Projects\HabStreak\backend\node_modules\router\index.js:342:13)
    at F:\Programming\Projects\HabStreak\backend\node_modules\router\index.js:297:9
[2026-10-07 01:50:40] INFO: POST /api/tasks/ | 401 | 114 ms | IP: ::1
[2026-10-07 01:50:46] INFO: POST /api/auth/login | 200 | 1520 ms | IP: ::1
[2026-10-07 01:51:14] ERROR: Error: No token provided.
    at authenticateUser (file:///F:/Programming/Projects/HabStreak/backend/Middlewares/auth.middlewares.ts:35:15)
    at Layer.handleRequest (F:\Programming\Projects\HabStreak\backend\node_modules\router\lib\layer.js:152:17)
    at trimPrefix (F:\Programming\Projects\HabStreak\backend\node_modules\router\index.js:342:13)
    at F:\Programming\Projects\HabStreak\backend\node_modules\router\index.js:297:9
    at processParams (F:\Programming\Projects\HabStreak\backend\node_modules\router\index.js:582:12)
    at next (F:\Programming\Projects\HabStreak\backend\node_modules\router\index.js:291:5)
    at loggerMiddleware (file:///F:/Programming/Projects/HabStreak/backend/Middlewares/logger.middleware.ts:19:5)
    at Layer.handleRequest (F:\Programming\Projects\HabStreak\backend\node_modules\router\lib\layer.js:152:17)
    at trimPrefix (F:\Programming\Projects\HabStreak\backend\node_modules\router\index.js:342:13)
    at F:\Programming\Projects\HabStreak\backend\node_modules\router\index.js:297:9
[2026-10-07 01:51:14] ERROR: Error: Invalid or expired token
    at authenticateUser (file:///F:/Programming/Projects/HabStreak/backend/Middlewares/auth.middlewares.ts:98:15)
    at Layer.handleRequest (F:\Programming\Projects\HabStreak\backend\node_modules\router\lib\layer.js:152:17)
    at trimPrefix (F:\Programming\Projects\HabStreak\backend\node_modules\router\index.js:342:13)
    at F:\Programming\Projects\HabStreak\backend\node_modules\router\index.js:297:9
    at processParams (F:\Programming\Projects\HabStreak\backend\node_modules\router\index.js:582:12)
    at next (F:\Programming\Projects\HabStreak\backend\node_modules\router\index.js:291:5)
    at loggerMiddleware (file:///F:/Programming/Projects/HabStreak/backend/Middlewares/logger.middleware.ts:19:5)
    at Layer.handleRequest (F:\Programming\Projects\HabStreak\backend\node_modules\router\lib\layer.js:152:17)
    at trimPrefix (F:\Programming\Projects\HabStreak\backend\node_modules\router\index.js:342:13)
    at F:\Programming\Projects\HabStreak\backend\node_modules\router\index.js:297:9
[2026-10-07 01:51:14] INFO: POST /api/tasks/ | 401 | 23 ms | IP: ::1
[2026-10-07 01:51:22] ERROR: PrismaClientKnownRequestError: 
Invalid `prisma.task.findFirst()` invocation:


The column `Task.position` does not exist in the current database.
    at ei.handleRequestError (F:\Programming\Projects\HabStreak\backend\node_modules\@prisma\client\src\runtime\RequestHandler.ts:228:13)
    at ei.handleAndLogRequestError (F:\Programming\Projects\HabStreak\backend\node_modules\@prisma\client\src\runtime\RequestHandler.ts:174:12)
    at ei.request (F:\Programming\Projects\HabStreak\backend\node_modules\@prisma\client\src\runtime\RequestHandler.ts:143:12)
    at async a (F:\Programming\Projects\HabStreak\backend\node_modules\@prisma\client\src\runtime\getPrismaClient.ts:833:24)
    at async Module.createTask (file:///F:/Programming/Projects/HabStreak/backend/services/task.service.ts:34:22)
    at async file:///F:/Programming/Projects/HabStreak/backend/Controllers/task.controller.ts:35:16
[2026-10-07 01:51:22] INFO: POST /api/tasks/ | 400 | 321 ms | IP: ::1
[2026-10-07 16:02:11] INFO: Server is running on http://localhost:3000
[2026-10-07 16:15:44] INFO: Server is running on http://localhost:3000
[2026-10-07 16:15:56] INFO: POST /api/auth/register | 201 | 6034 ms | IP: ::1
[2026-10-07 16:16:23] INFO: GET /api/auth/verify/ba774f7bf7cfb71fc791fe65fa5eb4e0d745381c057395ae322bf1fe663fd21c | 302 | 149 ms | IP: ::1
[2026-10-07 16:16:55] ERROR: Error: Refresh token is missing or invalid.
    at file:///F:/Programming/Projects/HabStreak/backend/Controllers/auth.controller.ts:193:13
    at file:///F:/Programming/Projects/HabStreak/backend/utils/AsyncHandler.ts:3:104
    at Layer.handleRequest (F:\Programming\Projects\HabStreak\backend\node_modules\router\lib\layer.js:152:17)
    at next (F:\Programming\Projects\HabStreak\backend\node_modules\router\lib\route.js:157:13)
    at file:///F:/Programming/Projects/HabStreak/backend/node_modules/express-rate-limit/dist/index.mjs:1020:7
    at processTicksAndRejections (node:internal/process/task_queues:104:5)
    at async file:///F:/Programming/Projects/HabStreak/backend/node_modules/express-rate-limit/dist/index.mjs:836:5
[2026-10-07 16:16:55] INFO: POST /api/auth/refresh | 401 | 18 ms | IP: ::1
[2026-10-07 16:17:19] INFO: POST /api/auth/login | 200 | 469 ms | IP: ::1
[2026-10-07 16:17:41] INFO: POST /api/tasks/ | 201 | 221 ms | IP: ::1
[2026-10-07 16:22:57] ERROR: Error: No token provided.
    at authenticateUser (file:///F:/Programming/Projects/HabStreak/backend/Middlewares/auth.middlewares.ts:35:15)
    at Layer.handleRequest (F:\Programming\Projects\HabStreak\backend\node_modules\router\lib\layer.js:152:17)
    at trimPrefix (F:\Programming\Projects\HabStreak\backend\node_modules\router\index.js:342:13)
    at F:\Programming\Projects\HabStreak\backend\node_modules\router\index.js:297:9
    at processParams (F:\Programming\Projects\HabStreak\backend\node_modules\router\index.js:582:12)
    at next (F:\Programming\Projects\HabStreak\backend\node_modules\router\index.js:291:5)
    at loggerMiddleware (file:///F:/Programming/Projects/HabStreak/backend/Middlewares/logger.middleware.ts:19:5)
    at Layer.handleRequest (F:\Programming\Projects\HabStreak\backend\node_modules\router\lib\layer.js:152:17)
    at trimPrefix (F:\Programming\Projects\HabStreak\backend\node_modules\router\index.js:342:13)
    at F:\Programming\Projects\HabStreak\backend\node_modules\router\index.js:297:9
[2026-10-07 16:22:57] ERROR: Error: Invalid or expired token
    at authenticateUser (file:///F:/Programming/Projects/HabStreak/backend/Middlewares/auth.middlewares.ts:98:15)
    at Layer.handleRequest (F:\Programming\Projects\HabStreak\backend\node_modules\router\lib\layer.js:152:17)
    at trimPrefix (F:\Programming\Projects\HabStreak\backend\node_modules\router\index.js:342:13)
    at F:\Programming\Projects\HabStreak\backend\node_modules\router\index.js:297:9
    at processParams (F:\Programming\Projects\HabStreak\backend\node_modules\router\index.js:582:12)
    at next (F:\Programming\Projects\HabStreak\backend\node_modules\router\index.js:291:5)
    at loggerMiddleware (file:///F:/Programming/Projects/HabStreak/backend/Middlewares/logger.middleware.ts:19:5)
    at Layer.handleRequest (F:\Programming\Projects\HabStreak\backend\node_modules\router\lib\layer.js:152:17)
    at trimPrefix (F:\Programming\Projects\HabStreak\backend\node_modules\router\index.js:342:13)
    at F:\Programming\Projects\HabStreak\backend\node_modules\router\index.js:297:9
[2026-10-07 16:22:57] INFO: GET /api/tasks | 401 | 17 ms | IP: ::1
[2026-10-07 16:23:45] INFO: GET /api/tasks | 200 | 131 ms | IP: ::1
[2026-10-07 16:25:09] INFO: POST /api/tasks/ | 400 | 138 ms | IP: ::1
[2026-10-07 16:25:33] ERROR: SyntaxError: Unexpected non-whitespace character after JSON at position 173 (line 6 column 4)
    at JSON.parse (<anonymous>)
    at parse (F:\Programming\Projects\HabStreak\backend\node_modules\body-parser\lib\types\json.js:91:21)
    at F:\Programming\Projects\HabStreak\backend\node_modules\body-parser\lib\read.js:162:18
    at AsyncResource.runInAsyncScope (node:async_hooks:227:14)
    at invokeCallback (F:\Programming\Projects\HabStreak\backend\node_modules\raw-body\index.js:238:16)
    at done (F:\Programming\Projects\HabStreak\backend\node_modules\raw-body\index.js:227:7)
    at IncomingMessage.onEnd (F:\Programming\Projects\HabStreak\backend\node_modules\raw-body\index.js:287:7)
    at IncomingMessage.emit (node:events:509:28)
    at IncomingMessage.emit (node:domain:489:12)
    at endReadableNT (node:internal/streams/readable:1735:12)
[2026-10-07 16:26:02] ERROR: SyntaxError: Unexpected non-whitespace character after JSON at position 163 (line 6 column 2)
    at JSON.parse (<anonymous>)
    at parse (F:\Programming\Projects\HabStreak\backend\node_modules\body-parser\lib\types\json.js:91:21)
    at F:\Programming\Projects\HabStreak\backend\node_modules\body-parser\lib\read.js:162:18
    at AsyncResource.runInAsyncScope (node:async_hooks:227:14)
    at invokeCallback (F:\Programming\Projects\HabStreak\backend\node_modules\raw-body\index.js:238:16)
    at done (F:\Programming\Projects\HabStreak\backend\node_modules\raw-body\index.js:227:7)
    at IncomingMessage.onEnd (F:\Programming\Projects\HabStreak\backend\node_modules\raw-body\index.js:287:7)
    at IncomingMessage.emit (node:events:509:28)
    at IncomingMessage.emit (node:domain:489:12)
    at endReadableNT (node:internal/streams/readable:1735:12)
[2026-10-07 16:26:17] INFO: Server is running on http://localhost:3000
[2026-10-07 16:26:23] ERROR: SyntaxError: Unexpected non-whitespace character after JSON at position 163 (line 6 column 2)
    at JSON.parse (<anonymous>)
    at parse (F:\Programming\Projects\HabStreak\backend\node_modules\body-parser\lib\types\json.js:91:21)
    at F:\Programming\Projects\HabStreak\backend\node_modules\body-parser\lib\read.js:162:18
    at AsyncResource.runInAsyncScope (node:async_hooks:227:14)
    at invokeCallback (F:\Programming\Projects\HabStreak\backend\node_modules\raw-body\index.js:238:16)
    at done (F:\Programming\Projects\HabStreak\backend\node_modules\raw-body\index.js:227:7)
    at IncomingMessage.onEnd (F:\Programming\Projects\HabStreak\backend\node_modules\raw-body\index.js:287:7)
    at IncomingMessage.emit (node:events:509:28)
    at IncomingMessage.emit (node:domain:489:12)
    at endReadableNT (node:internal/streams/readable:1735:12)
[2026-10-07 16:27:17] INFO: POST /api/tasks/ | 201 | 1049 ms | IP: ::1
[2026-10-07 16:27:34] INFO: POST /api/tasks/ | 201 | 155 ms | IP: ::1
[2026-10-07 16:28:02] INFO: POST /api/tasks/ | 201 | 167 ms | IP: ::1
[2026-10-07 16:28:15] INFO: POST /api/tasks/ | 201 | 176 ms | IP: ::1
[2026-10-07 16:28:25] INFO: POST /api/tasks/ | 201 | 29 ms | IP: ::1
[2026-10-07 16:28:33] INFO: POST /api/tasks/ | 201 | 58 ms | IP: ::1
[2026-10-07 16:28:57] INFO: GET /api/tasks | 200 | 140 ms | IP: ::1
[2026-10-07 16:30:34] ERROR: Error: No token provided.
    at authenticateUser (file:///F:/Programming/Projects/HabStreak/backend/Middlewares/auth.middlewares.ts:35:15)
    at Layer.handleRequest (F:\Programming\Projects\HabStreak\backend\node_modules\router\lib\layer.js:152:17)
    at trimPrefix (F:\Programming\Projects\HabStreak\backend\node_modules\router\index.js:342:13)
    at F:\Programming\Projects\HabStreak\backend\node_modules\router\index.js:297:9
    at processParams (F:\Programming\Projects\HabStreak\backend\node_modules\router\index.js:582:12)
    at next (F:\Programming\Projects\HabStreak\backend\node_modules\router\index.js:291:5)
    at loggerMiddleware (file:///F:/Programming/Projects/HabStreak/backend/Middlewares/logger.middleware.ts:19:5)
    at Layer.handleRequest (F:\Programming\Projects\HabStreak\backend\node_modules\router\lib\layer.js:152:17)
    at trimPrefix (F:\Programming\Projects\HabStreak\backend\node_modules\router\index.js:342:13)
    at F:\Programming\Projects\HabStreak\backend\node_modules\router\index.js:297:9
[2026-10-07 16:30:34] ERROR: Error: Invalid or expired token
    at authenticateUser (file:///F:/Programming/Projects/HabStreak/backend/Middlewares/auth.middlewares.ts:98:15)
    at Layer.handleRequest (F:\Programming\Projects\HabStreak\backend\node_modules\router\lib\layer.js:152:17)
    at trimPrefix (F:\Programming\Projects\HabStreak\backend\node_modules\router\index.js:342:13)
    at F:\Programming\Projects\HabStreak\backend\node_modules\router\index.js:297:9
    at processParams (F:\Programming\Projects\HabStreak\backend\node_modules\router\index.js:582:12)
    at next (F:\Programming\Projects\HabStreak\backend\node_modules\router\index.js:291:5)
    at loggerMiddleware (file:///F:/Programming/Projects/HabStreak/backend/Middlewares/logger.middleware.ts:19:5)
    at Layer.handleRequest (F:\Programming\Projects\HabStreak\backend\node_modules\router\lib\layer.js:152:17)
    at trimPrefix (F:\Programming\Projects\HabStreak\backend\node_modules\router\index.js:342:13)
    at F:\Programming\Projects\HabStreak\backend\node_modules\router\index.js:297:9
[2026-10-07 16:30:34] INFO: GET /api/tasks/cmuxzhe190003igqwgztx66bk | 401 | 13 ms | IP: ::1
[2026-10-07 16:30:54] INFO: GET /api/tasks | 200 | 119 ms | IP: ::1
[2026-10-07 16:31:11] INFO: GET /api/tasks | 200 | 175 ms | IP: ::1
[2026-10-07 16:31:13] INFO: GET /api/tasks | 200 | 25 ms | IP: ::1
[2026-10-07 16:31:14] INFO: GET /api/tasks | 200 | 20 ms | IP: ::1
[2026-10-07 16:31:30] INFO: GET /api/tasks/cmuxzhe190003igqwgztx66bk | 200 | 134 ms | IP: ::1
[2026-10-07 16:31:47] INFO: GET /api/tasks/cmuxztqa20000rkqwoohxeihs | 200 | 119 ms | IP: ::1
[2026-10-07 16:51:08] ERROR: Error: Token expired
    at authenticateUser (file:///F:/Programming/Projects/HabStreak/backend/Middlewares/auth.middlewares.ts:90:19)
    at Layer.handleRequest (F:\Programming\Projects\HabStreak\backend\node_modules\router\lib\layer.js:152:17)
    at trimPrefix (F:\Programming\Projects\HabStreak\backend\node_modules\router\index.js:342:13)
    at F:\Programming\Projects\HabStreak\backend\node_modules\router\index.js:297:9
    at processParams (F:\Programming\Projects\HabStreak\backend\node_modules\router\index.js:582:12)
    at next (F:\Programming\Projects\HabStreak\backend\node_modules\router\index.js:291:5)
    at loggerMiddleware (file:///F:/Programming/Projects/HabStreak/backend/Middlewares/logger.middleware.ts:19:5)
    at Layer.handleRequest (F:\Programming\Projects\HabStreak\backend\node_modules\router\lib\layer.js:152:17)
    at trimPrefix (F:\Programming\Projects\HabStreak\backend\node_modules\router\index.js:342:13)
    at F:\Programming\Projects\HabStreak\backend\node_modules\router\index.js:297:9
[2026-10-07 16:51:08] INFO: PATCH /api/tasks/cmuxzu3dt0001rkqw1xhp52uj | 401 | 7 ms | IP: ::1
[2026-10-07 16:51:22] INFO: POST /api/auth/refresh | 200 | 191 ms | IP: ::1
[2026-10-07 16:51:45] INFO: PATCH /api/tasks/cmuxzu3dt0001rkqw1xhp52uj | 200 | 156 ms | IP: ::1
[2026-10-07 16:52:02] ERROR: Error: Token expired
    at authenticateUser (file:///F:/Programming/Projects/HabStreak/backend/Middlewares/auth.middlewares.ts:90:19)
    at Layer.handleRequest (F:\Programming\Projects\HabStreak\backend\node_modules\router\lib\layer.js:152:17)
    at trimPrefix (F:\Programming\Projects\HabStreak\backend\node_modules\router\index.js:342:13)
    at F:\Programming\Projects\HabStreak\backend\node_modules\router\index.js:297:9
    at processParams (F:\Programming\Projects\HabStreak\backend\node_modules\router\index.js:582:12)
    at next (F:\Programming\Projects\HabStreak\backend\node_modules\router\index.js:291:5)
    at loggerMiddleware (file:///F:/Programming/Projects/HabStreak/backend/Middlewares/logger.middleware.ts:19:5)
    at Layer.handleRequest (F:\Programming\Projects\HabStreak\backend\node_modules\router\lib\layer.js:152:17)
    at trimPrefix (F:\Programming\Projects\HabStreak\backend\node_modules\router\index.js:342:13)
    at F:\Programming\Projects\HabStreak\backend\node_modules\router\index.js:297:9
[2026-10-07 16:52:02] INFO: GET /api/tasks/cmuxzu3dt0001rkqw1xhp52uj | 401 | 3 ms | IP: ::1
[2026-10-07 16:52:16] INFO: GET /api/tasks/cmuxzu3dt0001rkqw1xhp52uj | 200 | 131 ms | IP: ::1
[2026-10-07 16:54:39] INFO: PATCH /api/tasks/cmuxzu3dt0001rkqw1xhp52uj/status | 400 | 135 ms | IP: ::1
[2026-10-07 16:55:04] INFO: PATCH /api/tasks/cmuxzu3dt0001rkqw1xhp52uj/status | 200 | 161 ms | IP: ::1
[2026-10-07 16:55:14] ERROR: Error: Token expired
    at authenticateUser (file:///F:/Programming/Projects/HabStreak/backend/Middlewares/auth.middlewares.ts:90:19)
    at Layer.handleRequest (F:\Programming\Projects\HabStreak\backend\node_modules\router\lib\layer.js:152:17)
    at trimPrefix (F:\Programming\Projects\HabStreak\backend\node_modules\router\index.js:342:13)
    at F:\Programming\Projects\HabStreak\backend\node_modules\router\index.js:297:9
    at processParams (F:\Programming\Projects\HabStreak\backend\node_modules\router\index.js:582:12)
    at next (F:\Programming\Projects\HabStreak\backend\node_modules\router\index.js:291:5)
    at loggerMiddleware (file:///F:/Programming/Projects/HabStreak/backend/Middlewares/logger.middleware.ts:19:5)
    at Layer.handleRequest (F:\Programming\Projects\HabStreak\backend\node_modules\router\lib\layer.js:152:17)
    at trimPrefix (F:\Programming\Projects\HabStreak\backend\node_modules\router\index.js:342:13)
    at F:\Programming\Projects\HabStreak\backend\node_modules\router\index.js:297:9
[2026-10-07 16:55:14] INFO: GET /api/tasks | 401 | 3 ms | IP: ::1
[2026-10-07 16:55:18] INFO: GET /api/tasks/cmuxzu3dt0001rkqw1xhp52uj | 200 | 123 ms | IP: ::1
[2026-10-07 16:57:23] INFO: PATCH /api/tasks/cmuxzu3dt0001rkqw1xhp52uj/move | 200 | 164 ms | IP: ::1
[2026-10-07 16:58:11] INFO: GET /api/tasks | 200 | 114 ms | IP: ::1
[2026-10-07 16:59:31] INFO: DELETE /api/tasks/cmuxzup8k0002rkqwjzg7cg8l | 200 | 177 ms | IP: ::1
[2026-10-07 16:59:44] INFO: GET /api/tasks | 200 | 127 ms | IP: ::1
