[2026-08-06 23:53:16] ERROR: Error: Route '/api/auth/signup' not found.
    at notFoundMiddleware (file:///C:/Users/msnhp/OneDrive/Desktop/HabStreak/backend/Middlewares/notFound.middleware.ts:10:9)
    at Layer.handleRequest (C:\Users\msnhp\OneDrive\Desktop\HabStreak\backend\node_modules\router\lib\layer.js:152:17)
    at trimPrefix (C:\Users\msnhp\OneDrive\Desktop\HabStreak\backend\node_modules\router\index.js:342:13)
    at C:\Users\msnhp\OneDrive\Desktop\HabStreak\backend\node_modules\router\index.js:297:9
    at processParams (C:\Users\msnhp\OneDrive\Desktop\HabStreak\backend\node_modules\router\index.js:582:12)
    at next (C:\Users\msnhp\OneDrive\Desktop\HabStreak\backend\node_modules\router\index.js:291:5)
    at C:\Users\msnhp\OneDrive\Desktop\HabStreak\backend\node_modules\router\index.js:688:15
    at next (C:\Users\msnhp\OneDrive\Desktop\HabStreak\backend\node_modules\router\index.js:276:14)
    at router.handle (C:\Users\msnhp\OneDrive\Desktop\HabStreak\backend\node_modules\router\index.js:186:3)
    at router (C:\Users\msnhp\OneDrive\Desktop\HabStreak\backend\node_modules\router\index.js:60:12)
[2026-08-06 23:53:20] ERROR: Error: Route '/api/auth/signup' not found.
    at notFoundMiddleware (file:///C:/Users/msnhp/OneDrive/Desktop/HabStreak/backend/Middlewares/notFound.middleware.ts:10:9)
    at Layer.handleRequest (C:\Users\msnhp\OneDrive\Desktop\HabStreak\backend\node_modules\router\lib\layer.js:152:17)
    at trimPrefix (C:\Users\msnhp\OneDrive\Desktop\HabStreak\backend\node_modules\router\index.js:342:13)
    at C:\Users\msnhp\OneDrive\Desktop\HabStreak\backend\node_modules\router\index.js:297:9
    at processParams (C:\Users\msnhp\OneDrive\Desktop\HabStreak\backend\node_modules\router\index.js:582:12)
    at next (C:\Users\msnhp\OneDrive\Desktop\HabStreak\backend\node_modules\router\index.js:291:5)
    at C:\Users\msnhp\OneDrive\Desktop\HabStreak\backend\node_modules\router\index.js:688:15
    at next (C:\Users\msnhp\OneDrive\Desktop\HabStreak\backend\node_modules\router\index.js:276:14)
    at router.handle (C:\Users\msnhp\OneDrive\Desktop\HabStreak\backend\node_modules\router\index.js:186:3)
    at router (C:\Users\msnhp\OneDrive\Desktop\HabStreak\backend\node_modules\router\index.js:60:12)
[2026-08-06 23:53:57] ERROR: Error: Route '/api/auth/signup' not found.
    at notFoundMiddleware (file:///C:/Users/msnhp/OneDrive/Desktop/HabStreak/backend/Middlewares/notFound.middleware.ts:10:9)
    at Layer.handleRequest (C:\Users\msnhp\OneDrive\Desktop\HabStreak\backend\node_modules\router\lib\layer.js:152:17)
    at trimPrefix (C:\Users\msnhp\OneDrive\Desktop\HabStreak\backend\node_modules\router\index.js:342:13)
    at C:\Users\msnhp\OneDrive\Desktop\HabStreak\backend\node_modules\router\index.js:297:9
    at processParams (C:\Users\msnhp\OneDrive\Desktop\HabStreak\backend\node_modules\router\index.js:582:12)
    at next (C:\Users\msnhp\OneDrive\Desktop\HabStreak\backend\node_modules\router\index.js:291:5)
    at C:\Users\msnhp\OneDrive\Desktop\HabStreak\backend\node_modules\router\index.js:688:15
    at next (C:\Users\msnhp\OneDrive\Desktop\HabStreak\backend\node_modules\router\index.js:276:14)
    at router.handle (C:\Users\msnhp\OneDrive\Desktop\HabStreak\backend\node_modules\router\index.js:186:3)
    at router (C:\Users\msnhp\OneDrive\Desktop\HabStreak\backend\node_modules\router\index.js:60:12)
[2026-08-07 23:48:04] ERROR: PrismaClientValidationError: 
Invalid `prisma.user.create()` invocation:

{
  data: {
    username: "Sid",
    email: "si@gmail.com",
    password: "$2b$10$pFYERzDS3UGA42G3z9pue.OAWYx79O1GM62udJV8QHnmfeDeKAPJq",
    confirmPassword: "12345678",
    ~~~~~~~~~~~~~~~
    isActive: true,
    isVerified: false,
    verificationToken: "8ebff26921ef3aa4d05bd9e5a58ddfb5425880a416556b6ce17040aca9453c9c",
    verificationExpires: new Date("2026-08-08T18:18:04.464Z"),
?   id?: String,
?   createdAt?: DateTime,
?   updatedAt?: DateTime,
?   tasks?: TaskCreateNestedManyWithoutUserInput,
?   sessions?: SessionCreateNestedManyWithoutUserInput,
?   refreshTokens?: RefreshTokenCreateNestedManyWithoutUserInput
  },
  select: {
    id: true,
    username: true,
    email: true,
    createdAt: true,
    updatedAt: true
  }
}

Unknown argument `confirmPassword`. Available options are marked with ?.
    at throwValidationException (C:\Users\msnhp\OneDrive\Desktop\HabStreak\backend\node_modules\@prisma\client\src\runtime\core\errorRendering\throwValidationException.ts:45:9)
    at ei.handleRequestError (C:\Users\msnhp\OneDrive\Desktop\HabStreak\backend\node_modules\@prisma\client\src\runtime\RequestHandler.ts:202:7)
    at ei.handleAndLogRequestError (C:\Users\msnhp\OneDrive\Desktop\HabStreak\backend\node_modules\@prisma\client\src\runtime\RequestHandler.ts:174:12)
    at ei.request (C:\Users\msnhp\OneDrive\Desktop\HabStreak\backend\node_modules\@prisma\client\src\runtime\RequestHandler.ts:143:12)
    at async a (C:\Users\msnhp\OneDrive\Desktop\HabStreak\backend\node_modules\@prisma\client\src\runtime\getPrismaClient.ts:833:24)
    at async file:///C:/Users/msnhp/OneDrive/Desktop/HabStreak/backend/Controllers/auth.controller.ts:44:18
[2026-08-07 23:49:24] ERROR: PrismaClientValidationError: 
Invalid `prisma.user.create()` invocation:

{
  data: {
    username: "Sid",
    email: "si@gmail.com",
    password: "$2b$10$GiCMC2lQCiu3Ojf/9.ki5.LRyXLHDTvLG0e/xu99sxzQsutqqRQF.",
    confirmPassword: "12345678",
    ~~~~~~~~~~~~~~~
    isActive: true,
    isVerified: false,
    verificationToken: "51683847bf4cc6f04f6b2e16143c2521138c42c9bb84b4a194e325ab8274d05a",
    verificationExpires: new Date("2026-08-08T18:19:24.538Z"),
?   id?: String,
?   createdAt?: DateTime,
?   updatedAt?: DateTime,
?   tasks?: TaskCreateNestedManyWithoutUserInput,
?   sessions?: SessionCreateNestedManyWithoutUserInput,
?   refreshTokens?: RefreshTokenCreateNestedManyWithoutUserInput
  },
  select: {
    id: true,
    username: true,
    email: true,
    createdAt: true,
    updatedAt: true
  }
}

Unknown argument `confirmPassword`. Available options are marked with ?.
    at throwValidationException (C:\Users\msnhp\OneDrive\Desktop\HabStreak\backend\node_modules\@prisma\client\src\runtime\core\errorRendering\throwValidationException.ts:45:9)
    at ei.handleRequestError (C:\Users\msnhp\OneDrive\Desktop\HabStreak\backend\node_modules\@prisma\client\src\runtime\RequestHandler.ts:202:7)
    at ei.handleAndLogRequestError (C:\Users\msnhp\OneDrive\Desktop\HabStreak\backend\node_modules\@prisma\client\src\runtime\RequestHandler.ts:174:12)
    at ei.request (C:\Users\msnhp\OneDrive\Desktop\HabStreak\backend\node_modules\@prisma\client\src\runtime\RequestHandler.ts:143:12)
    at async a (C:\Users\msnhp\OneDrive\Desktop\HabStreak\backend\node_modules\@prisma\client\src\runtime\getPrismaClient.ts:833:24)
    at async file:///C:/Users/msnhp/OneDrive/Desktop/HabStreak/backend/Controllers/auth.controller.ts:44:18
[2026-08-07 23:49:53] ERROR: PrismaClientValidationError: 
Invalid `prisma.user.create()` invocation:

{
  data: {
    username: "Sid",
    email: "si@gmail.com",
    password: "$2b$10$Zye7IZy7xFVk78YmzicKguZDLFqLxJejbVaxx727EngGnCEuPybVK",
    confirmPassword: "12345678",
    ~~~~~~~~~~~~~~~
    isActive: true,
    isVerified: false,
    verificationToken: "2e63eec337f4de6686cf94e555d1479c04765edbb94400f47fcdd27b60ced331",
    verificationExpires: new Date("2026-08-08T18:19:53.095Z"),
?   id?: String,
?   createdAt?: DateTime,
?   updatedAt?: DateTime,
?   tasks?: TaskCreateNestedManyWithoutUserInput,
?   sessions?: SessionCreateNestedManyWithoutUserInput,
?   refreshTokens?: RefreshTokenCreateNestedManyWithoutUserInput
  },
  select: {
    id: true,
    username: true,
    email: true,
    createdAt: true,
    updatedAt: true
  }
}

Unknown argument `confirmPassword`. Available options are marked with ?.
    at throwValidationException (C:\Users\msnhp\OneDrive\Desktop\HabStreak\backend\node_modules\@prisma\client\src\runtime\core\errorRendering\throwValidationException.ts:45:9)
    at ei.handleRequestError (C:\Users\msnhp\OneDrive\Desktop\HabStreak\backend\node_modules\@prisma\client\src\runtime\RequestHandler.ts:202:7)
    at ei.handleAndLogRequestError (C:\Users\msnhp\OneDrive\Desktop\HabStreak\backend\node_modules\@prisma\client\src\runtime\RequestHandler.ts:174:12)
    at ei.request (C:\Users\msnhp\OneDrive\Desktop\HabStreak\backend\node_modules\@prisma\client\src\runtime\RequestHandler.ts:143:12)
    at async a (C:\Users\msnhp\OneDrive\Desktop\HabStreak\backend\node_modules\@prisma\client\src\runtime\getPrismaClient.ts:833:24)
    at async file:///C:/Users/msnhp/OneDrive/Desktop/HabStreak/backend/Controllers/auth.controller.ts:44:18
[2026-08-08 00:01:28] ERROR: Error: Please verify your email first.
    at file:///C:/Users/msnhp/OneDrive/Desktop/HabStreak/backend/Controllers/auth.controller.ts:97:15
[2026-08-08 00:22:18] ERROR: PrismaClientKnownRequestError: 
Invalid `prisma.refreshToken.create()` invocation:


Unique constraint failed on the fields: (`token`)
    at ei.handleRequestError (C:\Users\msnhp\OneDrive\Desktop\HabStreak\backend\node_modules\@prisma\client\src\runtime\RequestHandler.ts:228:13)
    at ei.handleAndLogRequestError (C:\Users\msnhp\OneDrive\Desktop\HabStreak\backend\node_modules\@prisma\client\src\runtime\RequestHandler.ts:174:12)
    at ei.request (C:\Users\msnhp\OneDrive\Desktop\HabStreak\backend\node_modules\@prisma\client\src\runtime\RequestHandler.ts:143:12)
    at async a (C:\Users\msnhp\OneDrive\Desktop\HabStreak\backend\node_modules\@prisma\client\src\runtime\getPrismaClient.ts:833:24)
    at async file:///C:/Users/msnhp/OneDrive/Desktop/HabStreak/backend/Controllers/auth.controller.ts:129:5
[2026-08-08 00:22:18] ERROR: PrismaClientKnownRequestError: 
Invalid `prisma.refreshToken.create()` invocation:


Unique constraint failed on the fields: (`token`)
    at ei.handleRequestError (C:\Users\msnhp\OneDrive\Desktop\HabStreak\backend\node_modules\@prisma\client\src\runtime\RequestHandler.ts:228:13)
    at ei.handleAndLogRequestError (C:\Users\msnhp\OneDrive\Desktop\HabStreak\backend\node_modules\@prisma\client\src\runtime\RequestHandler.ts:174:12)
    at ei.request (C:\Users\msnhp\OneDrive\Desktop\HabStreak\backend\node_modules\@prisma\client\src\runtime\RequestHandler.ts:143:12)
    at async a (C:\Users\msnhp\OneDrive\Desktop\HabStreak\backend\node_modules\@prisma\client\src\runtime\getPrismaClient.ts:833:24)
    at async file:///C:/Users/msnhp/OneDrive/Desktop/HabStreak/backend/Controllers/auth.controller.ts:129:5
[2026-08-08 00:27:19] ERROR: PrismaClientKnownRequestError: 
Invalid `prisma.refreshToken.create()` invocation:


Unique constraint failed on the fields: (`token`)
    at ei.handleRequestError (C:\Users\msnhp\OneDrive\Desktop\HabStreak\backend\node_modules\@prisma\client\src\runtime\RequestHandler.ts:228:13)
    at ei.handleAndLogRequestError (C:\Users\msnhp\OneDrive\Desktop\HabStreak\backend\node_modules\@prisma\client\src\runtime\RequestHandler.ts:174:12)
    at ei.request (C:\Users\msnhp\OneDrive\Desktop\HabStreak\backend\node_modules\@prisma\client\src\runtime\RequestHandler.ts:143:12)
    at async a (C:\Users\msnhp\OneDrive\Desktop\HabStreak\backend\node_modules\@prisma\client\src\runtime\getPrismaClient.ts:833:24)
    at async file:///C:/Users/msnhp/OneDrive/Desktop/HabStreak/backend/Controllers/auth.controller.ts:129:5
[2026-08-08 00:27:22] ERROR: PrismaClientKnownRequestError: 
Invalid `prisma.refreshToken.create()` invocation:


Unique constraint failed on the fields: (`token`)
    at ei.handleRequestError (C:\Users\msnhp\OneDrive\Desktop\HabStreak\backend\node_modules\@prisma\client\src\runtime\RequestHandler.ts:228:13)
    at ei.handleAndLogRequestError (C:\Users\msnhp\OneDrive\Desktop\HabStreak\backend\node_modules\@prisma\client\src\runtime\RequestHandler.ts:174:12)
    at ei.request (C:\Users\msnhp\OneDrive\Desktop\HabStreak\backend\node_modules\@prisma\client\src\runtime\RequestHandler.ts:143:12)
    at async a (C:\Users\msnhp\OneDrive\Desktop\HabStreak\backend\node_modules\@prisma\client\src\runtime\getPrismaClient.ts:833:24)
    at async file:///C:/Users/msnhp/OneDrive/Desktop/HabStreak/backend/Controllers/auth.controller.ts:129:5
[2026-08-08 00:27:23] ERROR: PrismaClientKnownRequestError: 
Invalid `prisma.refreshToken.create()` invocation:


Unique constraint failed on the fields: (`token`)
    at ei.handleRequestError (C:\Users\msnhp\OneDrive\Desktop\HabStreak\backend\node_modules\@prisma\client\src\runtime\RequestHandler.ts:228:13)
    at ei.handleAndLogRequestError (C:\Users\msnhp\OneDrive\Desktop\HabStreak\backend\node_modules\@prisma\client\src\runtime\RequestHandler.ts:174:12)
    at ei.request (C:\Users\msnhp\OneDrive\Desktop\HabStreak\backend\node_modules\@prisma\client\src\runtime\RequestHandler.ts:143:12)
    at async a (C:\Users\msnhp\OneDrive\Desktop\HabStreak\backend\node_modules\@prisma\client\src\runtime\getPrismaClient.ts:833:24)
    at async file:///C:/Users/msnhp/OneDrive/Desktop/HabStreak/backend/Controllers/auth.controller.ts:129:5
[2026-08-08 00:27:23] ERROR: PrismaClientKnownRequestError: 
Invalid `prisma.refreshToken.create()` invocation:


Unique constraint failed on the fields: (`token`)
    at ei.handleRequestError (C:\Users\msnhp\OneDrive\Desktop\HabStreak\backend\node_modules\@prisma\client\src\runtime\RequestHandler.ts:228:13)
    at ei.handleAndLogRequestError (C:\Users\msnhp\OneDrive\Desktop\HabStreak\backend\node_modules\@prisma\client\src\runtime\RequestHandler.ts:174:12)
    at ei.request (C:\Users\msnhp\OneDrive\Desktop\HabStreak\backend\node_modules\@prisma\client\src\runtime\RequestHandler.ts:143:12)
    at async a (C:\Users\msnhp\OneDrive\Desktop\HabStreak\backend\node_modules\@prisma\client\src\runtime\getPrismaClient.ts:833:24)
    at async file:///C:/Users/msnhp/OneDrive/Desktop/HabStreak/backend/Controllers/auth.controller.ts:129:5
[2026-08-08 00:32:57] ERROR: PrismaClientKnownRequestError: 
Invalid `prisma.refreshToken.create()` invocation:


Unique constraint failed on the fields: (`token`)
    at ei.handleRequestError (C:\Users\msnhp\OneDrive\Desktop\HabStreak\backend\node_modules\@prisma\client\src\runtime\RequestHandler.ts:228:13)
    at ei.handleAndLogRequestError (C:\Users\msnhp\OneDrive\Desktop\HabStreak\backend\node_modules\@prisma\client\src\runtime\RequestHandler.ts:174:12)
    at ei.request (C:\Users\msnhp\OneDrive\Desktop\HabStreak\backend\node_modules\@prisma\client\src\runtime\RequestHandler.ts:143:12)
    at async a (C:\Users\msnhp\OneDrive\Desktop\HabStreak\backend\node_modules\@prisma\client\src\runtime\getPrismaClient.ts:833:24)
    at async file:///C:/Users/msnhp/OneDrive/Desktop/HabStreak/backend/Controllers/auth.controller.ts:129:5
[2026-08-08 00:32:57] ERROR: PrismaClientKnownRequestError: 
Invalid `prisma.refreshToken.create()` invocation:


Unique constraint failed on the fields: (`token`)
    at ei.handleRequestError (C:\Users\msnhp\OneDrive\Desktop\HabStreak\backend\node_modules\@prisma\client\src\runtime\RequestHandler.ts:228:13)
    at ei.handleAndLogRequestError (C:\Users\msnhp\OneDrive\Desktop\HabStreak\backend\node_modules\@prisma\client\src\runtime\RequestHandler.ts:174:12)
    at ei.request (C:\Users\msnhp\OneDrive\Desktop\HabStreak\backend\node_modules\@prisma\client\src\runtime\RequestHandler.ts:143:12)
    at async a (C:\Users\msnhp\OneDrive\Desktop\HabStreak\backend\node_modules\@prisma\client\src\runtime\getPrismaClient.ts:833:24)
    at async file:///C:/Users/msnhp/OneDrive/Desktop/HabStreak/backend/Controllers/auth.controller.ts:129:5
[2026-08-08 00:32:57] ERROR: PrismaClientKnownRequestError: 
Invalid `prisma.refreshToken.create()` invocation:


Unique constraint failed on the fields: (`token`)
    at ei.handleRequestError (C:\Users\msnhp\OneDrive\Desktop\HabStreak\backend\node_modules\@prisma\client\src\runtime\RequestHandler.ts:228:13)
    at ei.handleAndLogRequestError (C:\Users\msnhp\OneDrive\Desktop\HabStreak\backend\node_modules\@prisma\client\src\runtime\RequestHandler.ts:174:12)
    at ei.request (C:\Users\msnhp\OneDrive\Desktop\HabStreak\backend\node_modules\@prisma\client\src\runtime\RequestHandler.ts:143:12)
    at async a (C:\Users\msnhp\OneDrive\Desktop\HabStreak\backend\node_modules\@prisma\client\src\runtime\getPrismaClient.ts:833:24)
    at async file:///C:/Users/msnhp/OneDrive/Desktop/HabStreak/backend/Controllers/auth.controller.ts:129:5
[2026-08-08 00:36:33] ERROR: PrismaClientKnownRequestError: 
Invalid `prisma.refreshToken.create()` invocation:


Unique constraint failed on the fields: (`token`)
    at ei.handleRequestError (C:\Users\msnhp\OneDrive\Desktop\HabStreak\backend\node_modules\@prisma\client\src\runtime\RequestHandler.ts:228:13)
    at ei.handleAndLogRequestError (C:\Users\msnhp\OneDrive\Desktop\HabStreak\backend\node_modules\@prisma\client\src\runtime\RequestHandler.ts:174:12)
    at ei.request (C:\Users\msnhp\OneDrive\Desktop\HabStreak\backend\node_modules\@prisma\client\src\runtime\RequestHandler.ts:143:12)
    at async a (C:\Users\msnhp\OneDrive\Desktop\HabStreak\backend\node_modules\@prisma\client\src\runtime\getPrismaClient.ts:833:24)
    at async file:///C:/Users/msnhp/OneDrive/Desktop/HabStreak/backend/Controllers/auth.controller.ts:129:5
[2026-08-08 01:46:01] ERROR: Error: Email is already registered.
    at file:///C:/Users/msnhp/OneDrive/Desktop/HabStreak/backend/Controllers/auth.controller.ts:32:15
[2026-08-08 01:47:11] ERROR: Error: Email is already registered.
    at file:///C:/Users/msnhp/OneDrive/Desktop/HabStreak/backend/Controllers/auth.controller.ts:32:15
[2026-08-19 00:05:28] ERROR: Error: Route '/favicon.ico' not found.
    at notFoundMiddleware (file:///C:/Users/msnhp/OneDrive/Desktop/HabStreak/backend/Middlewares/notFound.middleware.ts:10:9)
    at Layer.handleRequest (C:\Users\msnhp\OneDrive\Desktop\HabStreak\backend\node_modules\router\lib\layer.js:152:17)
    at trimPrefix (C:\Users\msnhp\OneDrive\Desktop\HabStreak\backend\node_modules\router\index.js:342:13)
    at C:\Users\msnhp\OneDrive\Desktop\HabStreak\backend\node_modules\router\index.js:297:9
    at processParams (C:\Users\msnhp\OneDrive\Desktop\HabStreak\backend\node_modules\router\index.js:582:12)
    at next (C:\Users\msnhp\OneDrive\Desktop\HabStreak\backend\node_modules\router\index.js:291:5)
    at loggerMiddleware (file:///C:/Users/msnhp/OneDrive/Desktop/HabStreak/backend/Middlewares/logger.middleware.ts:19:5)
    at Layer.handleRequest (C:\Users\msnhp\OneDrive\Desktop\HabStreak\backend\node_modules\router\lib\layer.js:152:17)
    at trimPrefix (C:\Users\msnhp\OneDrive\Desktop\HabStreak\backend\node_modules\router\index.js:342:13)
    at C:\Users\msnhp\OneDrive\Desktop\HabStreak\backend\node_modules\router\index.js:297:9
[2026-08-19 04:05:20] ERROR: Error: Account created but verification email could not be sent.
    at file:///C:/Users/msnhp/OneDrive/Desktop/HabStreak/backend/Controllers/auth.controller.ts:77:15
    at processTicksAndRejections (node:internal/process/task_queues:104:5)
[2026-08-19 04:05:34] ERROR: Error: Email is already registered.
    at file:///C:/Users/msnhp/OneDrive/Desktop/HabStreak/backend/Controllers/auth.controller.ts:33:15
[2026-08-19 16:37:22] ERROR: Error: Account created but verification email could not be sent.
    at file:///C:/Users/msnhp/OneDrive/Desktop/HabStreak/backend/Controllers/auth.controller.ts:77:15
    at processTicksAndRejections (node:internal/process/task_queues:104:5)
[2026-08-20 03:27:01] ERROR: Error: Token expired
    at authenticateUser (file:///C:/Users/msnhp/OneDrive/Desktop/HabStreak/backend/Middlewares/auth.middlewares.ts:99:19)
    at Layer.handleRequest (C:\Users\msnhp\OneDrive\Desktop\HabStreak\backend\node_modules\router\lib\layer.js:152:17)
    at next (C:\Users\msnhp\OneDrive\Desktop\HabStreak\backend\node_modules\router\lib\route.js:157:13)
    at file:///C:/Users/msnhp/OneDrive/Desktop/HabStreak/backend/node_modules/express-rate-limit/dist/index.mjs:1015:7
    at processTicksAndRejections (node:internal/process/task_queues:104:5)
    at async file:///C:/Users/msnhp/OneDrive/Desktop/HabStreak/backend/node_modules/express-rate-limit/dist/index.mjs:835:5
[2026-08-20 03:27:31] ERROR: Error: Email is already registered.
    at file:///C:/Users/msnhp/OneDrive/Desktop/HabStreak/backend/Controllers/auth.controller.ts:33:15
[2026-08-29 22:57:18] ERROR: PrismaClientInitializationError: 
Invalid `prisma.user.findUnique()` invocation:


Can't reach database server at `localhost:5432`

Please make sure your database server is running at `localhost:5432`.
    at ei.handleRequestError (F:\Programming\Projects\HabStreak\backend\node_modules\@prisma\client\src\runtime\RequestHandler.ts:242:13)
    at ei.handleAndLogRequestError (F:\Programming\Projects\HabStreak\backend\node_modules\@prisma\client\src\runtime\RequestHandler.ts:174:12)
    at ei.request (F:\Programming\Projects\HabStreak\backend\node_modules\@prisma\client\src\runtime\RequestHandler.ts:143:12)
    at async a (F:\Programming\Projects\HabStreak\backend\node_modules\@prisma\client\src\runtime\getPrismaClient.ts:833:24)
    at async file:///F:/Programming/Projects/HabStreak/backend/Controllers/auth.controller.ts:102:18
[2026-08-29 22:57:18] ERROR: PrismaClientInitializationError: 
Invalid `prisma.user.findUnique()` invocation:


Can't reach database server at `localhost:5432`

Please make sure your database server is running at `localhost:5432`.
    at ei.handleRequestError (F:\Programming\Projects\HabStreak\backend\node_modules\@prisma\client\src\runtime\RequestHandler.ts:242:13)
    at ei.handleAndLogRequestError (F:\Programming\Projects\HabStreak\backend\node_modules\@prisma\client\src\runtime\RequestHandler.ts:174:12)
    at ei.request (F:\Programming\Projects\HabStreak\backend\node_modules\@prisma\client\src\runtime\RequestHandler.ts:143:12)
    at async a (F:\Programming\Projects\HabStreak\backend\node_modules\@prisma\client\src\runtime\getPrismaClient.ts:833:24)
    at async file:///F:/Programming/Projects/HabStreak/backend/Controllers/auth.controller.ts:102:18
[2026-08-29 22:57:27] ERROR: PrismaClientInitializationError: 
Invalid `prisma.user.findUnique()` invocation:


Can't reach database server at `localhost:5432`

Please make sure your database server is running at `localhost:5432`.
    at ei.handleRequestError (F:\Programming\Projects\HabStreak\backend\node_modules\@prisma\client\src\runtime\RequestHandler.ts:242:13)
    at ei.handleAndLogRequestError (F:\Programming\Projects\HabStreak\backend\node_modules\@prisma\client\src\runtime\RequestHandler.ts:174:12)
    at ei.request (F:\Programming\Projects\HabStreak\backend\node_modules\@prisma\client\src\runtime\RequestHandler.ts:143:12)
    at async a (F:\Programming\Projects\HabStreak\backend\node_modules\@prisma\client\src\runtime\getPrismaClient.ts:833:24)
    at async file:///F:/Programming/Projects/HabStreak/backend/Controllers/auth.controller.ts:102:18
[2026-08-29 22:57:27] ERROR: PrismaClientInitializationError: 
Invalid `prisma.user.findUnique()` invocation:


Can't reach database server at `localhost:5432`

Please make sure your database server is running at `localhost:5432`.
    at ei.handleRequestError (F:\Programming\Projects\HabStreak\backend\node_modules\@prisma\client\src\runtime\RequestHandler.ts:242:13)
    at ei.handleAndLogRequestError (F:\Programming\Projects\HabStreak\backend\node_modules\@prisma\client\src\runtime\RequestHandler.ts:174:12)
    at ei.request (F:\Programming\Projects\HabStreak\backend\node_modules\@prisma\client\src\runtime\RequestHandler.ts:143:12)
    at async a (F:\Programming\Projects\HabStreak\backend\node_modules\@prisma\client\src\runtime\getPrismaClient.ts:833:24)
    at async file:///F:/Programming/Projects/HabStreak/backend/Controllers/auth.controller.ts:102:18
[2026-08-30 00:10:08] ERROR: Error: Account created but verification email could not be sent.
    at file:///F:/Programming/Projects/HabStreak/backend/Controllers/auth.controller.ts:77:15
    at processTicksAndRejections (node:internal/process/task_queues:104:5)
[2026-08-30 00:10:28] ERROR: Error: Email is already registered.
    at file:///F:/Programming/Projects/HabStreak/backend/Controllers/auth.controller.ts:33:15
[2026-09-04 00:34:48] ERROR: Error: Verification token has expired.
    at <anonymous> (F:\Programming\Projects\HabStreak\backend\Controllers\auth.controller.ts:287:23)
    at processTicksAndRejections (native:7:39)
[2026-09-04 00:34:48] ERROR: Error: Route '/favicon.ico' not found.
    at notFoundMiddleware (F:\Programming\Projects\HabStreak\backend\Middlewares\notFound.middleware.ts:10:13)
    at handleRequest (F:\Programming\Projects\HabStreak\backend\node_modules\router\lib\layer.js:152:17)
    at trimPrefix (F:\Programming\Projects\HabStreak\backend\node_modules\router\index.js:342:13)
    at <anonymous> (F:\Programming\Projects\HabStreak\backend\node_modules\router\index.js:297:9)
    at next (F:\Programming\Projects\HabStreak\backend\node_modules\router\index.js:291:5)
    at loggerMiddleware (F:\Programming\Projects\HabStreak\backend\Middlewares\logger.middleware.ts:19:5)
    at handleRequest (F:\Programming\Projects\HabStreak\backend\node_modules\router\lib\layer.js:152:17)
    at trimPrefix (F:\Programming\Projects\HabStreak\backend\node_modules\router\index.js:342:13)
    at <anonymous> (F:\Programming\Projects\HabStreak\backend\node_modules\router\index.js:297:9)
    at next (F:\Programming\Projects\HabStreak\backend\node_modules\router\index.js:291:5)
[2026-09-04 00:41:38] ERROR: Error: Email is already registered.
    at <anonymous> (F:\Programming\Projects\HabStreak\backend\Controllers\auth.controller.ts:33:19)
    at processTicksAndRejections (native:7:39)
[2026-09-29 19:03:36] ERROR: PrismaClientKnownRequestError: 
Invalid `prisma.refreshToken.create()` invocation:


The column `sessionId` does not exist in the current database.
    at ei.handleRequestError (F:\Programming\Projects\HabStreak\backend\node_modules\@prisma\client\src\runtime\RequestHandler.ts:228:13)
    at ei.handleAndLogRequestError (F:\Programming\Projects\HabStreak\backend\node_modules\@prisma\client\src\runtime\RequestHandler.ts:174:12)
    at ei.request (F:\Programming\Projects\HabStreak\backend\node_modules\@prisma\client\src\runtime\RequestHandler.ts:143:12)
    at async a (F:\Programming\Projects\HabStreak\backend\node_modules\@prisma\client\src\runtime\getPrismaClient.ts:833:24)
    at async file:///F:/Programming/Projects/HabStreak/backend/Controllers/auth.controller.ts:168:5
[2026-09-29 19:06:35] ERROR: PrismaClientKnownRequestError: 
Invalid `prisma.refreshToken.create()` invocation:


The column `sessionId` does not exist in the current database.
    at ei.handleRequestError (F:\Programming\Projects\HabStreak\backend\node_modules\@prisma\client\src\runtime\RequestHandler.ts:228:13)
    at ei.handleAndLogRequestError (F:\Programming\Projects\HabStreak\backend\node_modules\@prisma\client\src\runtime\RequestHandler.ts:174:12)
    at ei.request (F:\Programming\Projects\HabStreak\backend\node_modules\@prisma\client\src\runtime\RequestHandler.ts:143:12)
    at async a (F:\Programming\Projects\HabStreak\backend\node_modules\@prisma\client\src\runtime\getPrismaClient.ts:833:24)
    at async file:///F:/Programming/Projects/HabStreak/backend/Controllers/auth.controller.ts:168:5
[2026-09-29 19:15:18] ERROR: Error: Account is not authorized.
    at file:///F:/Programming/Projects/HabStreak/backend/Controllers/auth.controller.ts:252:13
[2026-09-29 22:00:12] ERROR: Error: Invalid token.
    at authenticateUser (file:///F:/Programming/Projects/HabStreak/backend/Middlewares/auth.middlewares.ts:103:19)
    at Layer.handleRequest (F:\Programming\Projects\HabStreak\backend\node_modules\router\lib\layer.js:152:17)
    at next (F:\Programming\Projects\HabStreak\backend\node_modules\router\lib\route.js:157:13)
    at Route.dispatch (F:\Programming\Projects\HabStreak\backend\node_modules\router\lib\route.js:117:3)
    at handle (F:\Programming\Projects\HabStreak\backend\node_modules\router\index.js:435:11)
    at Layer.handleRequest (F:\Programming\Projects\HabStreak\backend\node_modules\router\lib\layer.js:152:17)
    at F:\Programming\Projects\HabStreak\backend\node_modules\router\index.js:295:15
    at processParams (F:\Programming\Projects\HabStreak\backend\node_modules\router\index.js:582:12)
    at next (F:\Programming\Projects\HabStreak\backend\node_modules\router\index.js:291:5)
    at router.handle (F:\Programming\Projects\HabStreak\backend\node_modules\router\index.js:186:3)
[2026-09-29 22:00:25] ERROR: Error: Invalid token.
    at authenticateUser (file:///F:/Programming/Projects/HabStreak/backend/Middlewares/auth.middlewares.ts:103:19)
    at Layer.handleRequest (F:\Programming\Projects\HabStreak\backend\node_modules\router\lib\layer.js:152:17)
    at next (F:\Programming\Projects\HabStreak\backend\node_modules\router\lib\route.js:157:13)
    at Route.dispatch (F:\Programming\Projects\HabStreak\backend\node_modules\router\lib\route.js:117:3)
    at handle (F:\Programming\Projects\HabStreak\backend\node_modules\router\index.js:435:11)
    at Layer.handleRequest (F:\Programming\Projects\HabStreak\backend\node_modules\router\lib\layer.js:152:17)
    at F:\Programming\Projects\HabStreak\backend\node_modules\router\index.js:295:15
    at processParams (F:\Programming\Projects\HabStreak\backend\node_modules\router\index.js:582:12)
    at next (F:\Programming\Projects\HabStreak\backend\node_modules\router\index.js:291:5)
    at router.handle (F:\Programming\Projects\HabStreak\backend\node_modules\router\index.js:186:3)
[2026-09-29 22:00:25] ERROR: Error: Invalid token.
    at authenticateUser (file:///F:/Programming/Projects/HabStreak/backend/Middlewares/auth.middlewares.ts:103:19)
    at Layer.handleRequest (F:\Programming\Projects\HabStreak\backend\node_modules\router\lib\layer.js:152:17)
    at next (F:\Programming\Projects\HabStreak\backend\node_modules\router\lib\route.js:157:13)
    at Route.dispatch (F:\Programming\Projects\HabStreak\backend\node_modules\router\lib\route.js:117:3)
    at handle (F:\Programming\Projects\HabStreak\backend\node_modules\router\index.js:435:11)
    at Layer.handleRequest (F:\Programming\Projects\HabStreak\backend\node_modules\router\lib\layer.js:152:17)
    at F:\Programming\Projects\HabStreak\backend\node_modules\router\index.js:295:15
    at processParams (F:\Programming\Projects\HabStreak\backend\node_modules\router\index.js:582:12)
    at next (F:\Programming\Projects\HabStreak\backend\node_modules\router\index.js:291:5)
    at router.handle (F:\Programming\Projects\HabStreak\backend\node_modules\router\index.js:186:3)
[2026-09-29 22:00:32] ERROR: Error: Invalid token.
    at authenticateUser (file:///F:/Programming/Projects/HabStreak/backend/Middlewares/auth.middlewares.ts:103:19)
    at Layer.handleRequest (F:\Programming\Projects\HabStreak\backend\node_modules\router\lib\layer.js:152:17)
    at next (F:\Programming\Projects\HabStreak\backend\node_modules\router\lib\route.js:157:13)
    at Route.dispatch (F:\Programming\Projects\HabStreak\backend\node_modules\router\lib\route.js:117:3)
    at handle (F:\Programming\Projects\HabStreak\backend\node_modules\router\index.js:435:11)
    at Layer.handleRequest (F:\Programming\Projects\HabStreak\backend\node_modules\router\lib\layer.js:152:17)
    at F:\Programming\Projects\HabStreak\backend\node_modules\router\index.js:295:15
    at processParams (F:\Programming\Projects\HabStreak\backend\node_modules\router\index.js:582:12)
    at next (F:\Programming\Projects\HabStreak\backend\node_modules\router\index.js:291:5)
    at router.handle (F:\Programming\Projects\HabStreak\backend\node_modules\router\index.js:186:3)
[2026-09-29 22:00:33] ERROR: Error: Invalid token.
    at authenticateUser (file:///F:/Programming/Projects/HabStreak/backend/Middlewares/auth.middlewares.ts:103:19)
    at Layer.handleRequest (F:\Programming\Projects\HabStreak\backend\node_modules\router\lib\layer.js:152:17)
    at next (F:\Programming\Projects\HabStreak\backend\node_modules\router\lib\route.js:157:13)
    at Route.dispatch (F:\Programming\Projects\HabStreak\backend\node_modules\router\lib\route.js:117:3)
    at handle (F:\Programming\Projects\HabStreak\backend\node_modules\router\index.js:435:11)
    at Layer.handleRequest (F:\Programming\Projects\HabStreak\backend\node_modules\router\lib\layer.js:152:17)
    at F:\Programming\Projects\HabStreak\backend\node_modules\router\index.js:295:15
    at processParams (F:\Programming\Projects\HabStreak\backend\node_modules\router\index.js:582:12)
    at next (F:\Programming\Projects\HabStreak\backend\node_modules\router\index.js:291:5)
    at router.handle (F:\Programming\Projects\HabStreak\backend\node_modules\router\index.js:186:3)
[2026-09-29 22:00:33] ERROR: Error: Invalid token.
    at authenticateUser (file:///F:/Programming/Projects/HabStreak/backend/Middlewares/auth.middlewares.ts:103:19)
    at Layer.handleRequest (F:\Programming\Projects\HabStreak\backend\node_modules\router\lib\layer.js:152:17)
    at next (F:\Programming\Projects\HabStreak\backend\node_modules\router\lib\route.js:157:13)
    at Route.dispatch (F:\Programming\Projects\HabStreak\backend\node_modules\router\lib\route.js:117:3)
    at handle (F:\Programming\Projects\HabStreak\backend\node_modules\router\index.js:435:11)
    at Layer.handleRequest (F:\Programming\Projects\HabStreak\backend\node_modules\router\lib\layer.js:152:17)
    at F:\Programming\Projects\HabStreak\backend\node_modules\router\index.js:295:15
    at processParams (F:\Programming\Projects\HabStreak\backend\node_modules\router\index.js:582:12)
    at next (F:\Programming\Projects\HabStreak\backend\node_modules\router\index.js:291:5)
    at router.handle (F:\Programming\Projects\HabStreak\backend\node_modules\router\index.js:186:3)
[2026-09-29 22:00:43] ERROR: PrismaClientKnownRequestError: 
Invalid `prisma.refreshToken.create()` invocation:


Unique constraint failed on the fields: (`token`)
    at ei.handleRequestError (F:\Programming\Projects\HabStreak\backend\node_modules\@prisma\client\src\runtime\RequestHandler.ts:228:13)
    at ei.handleAndLogRequestError (F:\Programming\Projects\HabStreak\backend\node_modules\@prisma\client\src\runtime\RequestHandler.ts:174:12)
    at ei.request (F:\Programming\Projects\HabStreak\backend\node_modules\@prisma\client\src\runtime\RequestHandler.ts:143:12)
    at async a (F:\Programming\Projects\HabStreak\backend\node_modules\@prisma\client\src\runtime\getPrismaClient.ts:833:24)
    at async file:///F:/Programming/Projects/HabStreak/backend/Controllers/auth.controller.ts:168:5
[2026-09-29 22:01:05] ERROR: Error: Invalid token.
    at authenticateUser (file:///F:/Programming/Projects/HabStreak/backend/Middlewares/auth.middlewares.ts:103:19)
    at Layer.handleRequest (F:\Programming\Projects\HabStreak\backend\node_modules\router\lib\layer.js:152:17)
    at next (F:\Programming\Projects\HabStreak\backend\node_modules\router\lib\route.js:157:13)
    at Route.dispatch (F:\Programming\Projects\HabStreak\backend\node_modules\router\lib\route.js:117:3)
    at handle (F:\Programming\Projects\HabStreak\backend\node_modules\router\index.js:435:11)
    at Layer.handleRequest (F:\Programming\Projects\HabStreak\backend\node_modules\router\lib\layer.js:152:17)
    at F:\Programming\Projects\HabStreak\backend\node_modules\router\index.js:295:15
    at processParams (F:\Programming\Projects\HabStreak\backend\node_modules\router\index.js:582:12)
    at next (F:\Programming\Projects\HabStreak\backend\node_modules\router\index.js:291:5)
    at router.handle (F:\Programming\Projects\HabStreak\backend\node_modules\router\index.js:186:3)
[2026-09-29 22:01:06] ERROR: Error: Invalid token.
    at authenticateUser (file:///F:/Programming/Projects/HabStreak/backend/Middlewares/auth.middlewares.ts:103:19)
    at Layer.handleRequest (F:\Programming\Projects\HabStreak\backend\node_modules\router\lib\layer.js:152:17)
    at next (F:\Programming\Projects\HabStreak\backend\node_modules\router\lib\route.js:157:13)
    at Route.dispatch (F:\Programming\Projects\HabStreak\backend\node_modules\router\lib\route.js:117:3)
    at handle (F:\Programming\Projects\HabStreak\backend\node_modules\router\index.js:435:11)
    at Layer.handleRequest (F:\Programming\Projects\HabStreak\backend\node_modules\router\lib\layer.js:152:17)
    at F:\Programming\Projects\HabStreak\backend\node_modules\router\index.js:295:15
    at processParams (F:\Programming\Projects\HabStreak\backend\node_modules\router\index.js:582:12)
    at next (F:\Programming\Projects\HabStreak\backend\node_modules\router\index.js:291:5)
    at router.handle (F:\Programming\Projects\HabStreak\backend\node_modules\router\index.js:186:3)
[2026-09-29 22:01:07] ERROR: Error: Invalid token.
    at authenticateUser (file:///F:/Programming/Projects/HabStreak/backend/Middlewares/auth.middlewares.ts:103:19)
    at Layer.handleRequest (F:\Programming\Projects\HabStreak\backend\node_modules\router\lib\layer.js:152:17)
    at next (F:\Programming\Projects\HabStreak\backend\node_modules\router\lib\route.js:157:13)
    at Route.dispatch (F:\Programming\Projects\HabStreak\backend\node_modules\router\lib\route.js:117:3)
    at handle (F:\Programming\Projects\HabStreak\backend\node_modules\router\index.js:435:11)
    at Layer.handleRequest (F:\Programming\Projects\HabStreak\backend\node_modules\router\lib\layer.js:152:17)
    at F:\Programming\Projects\HabStreak\backend\node_modules\router\index.js:295:15
    at processParams (F:\Programming\Projects\HabStreak\backend\node_modules\router\index.js:582:12)
    at next (F:\Programming\Projects\HabStreak\backend\node_modules\router\index.js:291:5)
    at router.handle (F:\Programming\Projects\HabStreak\backend\node_modules\router\index.js:186:3)
[2026-09-29 22:01:26] ERROR: Error: Route '/api/tasks' not found.
    at notFoundMiddleware (file:///F:/Programming/Projects/HabStreak/backend/Middlewares/notFound.middleware.ts:10:9)
    at Layer.handleRequest (F:\Programming\Projects\HabStreak\backend\node_modules\router\lib\layer.js:152:17)
[2026-09-27 22:52:16] ERROR: Error: Invalid token.
    at authenticateUser (file:///F:/Programming/Projects/HabStreak/backend/Middlewares/auth.middlewares.ts:103:19)
    at Layer.handleRequest (F:\Programming\Projects\HabStreak\backend\node_modules\router\lib\layer.js:152:17)
    at trimPrefix (F:\Programming\Projects\HabStreak\backend\node_modules\router\index.js:342:13)
    at F:\Programming\Projects\HabStreak\backend\node_modules\router\index.js:297:9
    at processParams (F:\Programming\Projects\HabStreak\backend\node_modules\router\index.js:582:12)
    at next (F:\Programming\Projects\HabStreak\backend\node_modules\router\index.js:291:5)
    at F:\Programming\Projects\HabStreak\backend\node_modules\router\index.js:688:15
    at next (F:\Programming\Projects\HabStreak\backend\node_modules\router\index.js:276:14)
    at router.handle (F:\Programming\Projects\HabStreak\backend\node_modules\router\index.js:186:3)
    at router (F:\Programming\Projects\HabStreak\backend\node_modules\router\index.js:60:12)
[2026-09-29 22:01:36] ERROR: Error: Route '/api/tasks/' not found.
    at notFoundMiddleware (file:///F:/Programming/Projects/HabStreak/backend/Middlewares/notFound.middleware.ts:10:9)
    at loggerMiddleware (file:///F:/Programming/Projects/HabStreak/backend/Middlewares/logger.middleware.ts:19:5)
    at Layer.handleRequest (F:\Programming\Projects\HabStreak\backend\node_modules\router\lib\layer.js:152:17)
    at trimPrefix (F:\Programming\Projects\HabStreak\backend\node_modules\router\index.js:342:13)
    at F:\Programming\Projects\HabStreak\backend\node_modules\router\index.js:297:9
[2026-09-27 22:52:28] ERROR: Error: Invalid token.
    at authenticateUser (file:///F:/Programming/Projects/HabStreak/backend/Middlewares/auth.middlewares.ts:103:19)
    at Layer.handleRequest (F:\Programming\Projects\HabStreak\backend\node_modules\router\lib\layer.js:152:17)
    at trimPrefix (F:\Programming\Projects\HabStreak\backend\node_modules\router\index.js:342:13)
    at F:\Programming\Projects\HabStreak\backend\node_modules\router\index.js:297:9
    at processParams (F:\Programming\Projects\HabStreak\backend\node_modules\router\index.js:582:12)
    at next (F:\Programming\Projects\HabStreak\backend\node_modules\router\index.js:291:5)
    at F:\Programming\Projects\HabStreak\backend\node_modules\router\index.js:688:15
    at next (F:\Programming\Projects\HabStreak\backend\node_modules\router\index.js:276:14)
    at router.handle (F:\Programming\Projects\HabStreak\backend\node_modules\router\index.js:186:3)
    at router (F:\Programming\Projects\HabStreak\backend\node_modules\router\index.js:60:12)
[2026-09-29 22:01:36] ERROR: Error: Route '/api/tasks/' not found.
    at notFoundMiddleware (file:///F:/Programming/Projects/HabStreak/backend/Middlewares/notFound.middleware.ts:10:9)
    at loggerMiddleware (file:///F:/Programming/Projects/HabStreak/backend/Middlewares/logger.middleware.ts:19:5)
    at Layer.handleRequest (F:\Programming\Projects\HabStreak\backend\node_modules\router\lib\layer.js:152:17)
    at trimPrefix (F:\Programming\Projects\HabStreak\backend\node_modules\router\index.js:342:13)
    at F:\Programming\Projects\HabStreak\backend\node_modules\router\index.js:297:9
[2026-09-27 22:54:37] ERROR: Error: Invalid token.
    at authenticateUser (file:///F:/Programming/Projects/HabStreak/backend/Middlewares/auth.middlewares.ts:103:19)
    at Layer.handleRequest (F:\Programming\Projects\HabStreak\backend\node_modules\router\lib\layer.js:152:17)
    at trimPrefix (F:\Programming\Projects\HabStreak\backend\node_modules\router\index.js:342:13)
    at F:\Programming\Projects\HabStreak\backend\node_modules\router\index.js:297:9
    at processParams (F:\Programming\Projects\HabStreak\backend\node_modules\router\index.js:582:12)
    at next (F:\Programming\Projects\HabStreak\backend\node_modules\router\index.js:291:5)
    at F:\Programming\Projects\HabStreak\backend\node_modules\router\index.js:688:15
    at next (F:\Programming\Projects\HabStreak\backend\node_modules\router\index.js:276:14)
    at router.handle (F:\Programming\Projects\HabStreak\backend\node_modules\router\index.js:186:3)
    at router (F:\Programming\Projects\HabStreak\backend\node_modules\router\index.js:60:12)
    at loggerMiddleware (file:///F:/Programming/Projects/HabStreak/backend/Middlewares/logger.middleware.ts:19:5)
    at Layer.handleRequest (F:\Programming\Projects\HabStreak\backend\node_modules\router\lib\layer.js:152:17)
    at trimPrefix (F:\Programming\Projects\HabStreak\backend\node_modules\router\index.js:342:13)
    at F:\Programming\Projects\HabStreak\backend\node_modules\router\index.js:297:9
[2026-09-27 22:56:32] ERROR: Error: Invalid token.
    at authenticateUser (file:///F:/Programming/Projects/HabStreak/backend/Middlewares/auth.middlewares.ts:103:19)
    at Layer.handleRequest (F:\Programming\Projects\HabStreak\backend\node_modules\router\lib\layer.js:152:17)
    at trimPrefix (F:\Programming\Projects\HabStreak\backend\node_modules\router\index.js:342:13)
    at F:\Programming\Projects\HabStreak\backend\node_modules\router\index.js:297:9
    at processParams (F:\Programming\Projects\HabStreak\backend\node_modules\router\index.js:582:12)
    at next (F:\Programming\Projects\HabStreak\backend\node_modules\router\index.js:291:5)
    at loggerMiddleware (file:///F:/Programming/Projects/HabStreak/backend/Middlewares/logger.middleware.ts:19:5)
    at Layer.handleRequest (F:\Programming\Projects\HabStreak\backend\node_modules\router\lib\layer.js:152:17)
    at trimPrefix (F:\Programming\Projects\HabStreak\backend\node_modules\router\index.js:342:13)
    at F:\Programming\Projects\HabStreak\backend\node_modules\router\index.js:297:9
[2026-09-27 22:56:51] ERROR: Error: Invalid token.
    at authenticateUser (file:///F:/Programming/Projects/HabStreak/backend/Middlewares/auth.middlewares.ts:103:19)
    at Layer.handleRequest (F:\Programming\Projects\HabStreak\backend\node_modules\router\lib\layer.js:152:17)
    at trimPrefix (F:\Programming\Projects\HabStreak\backend\node_modules\router\index.js:342:13)
    at F:\Programming\Projects\HabStreak\backend\node_modules\router\index.js:297:9
    at processParams (F:\Programming\Projects\HabStreak\backend\node_modules\router\index.js:582:12)
    at next (F:\Programming\Projects\HabStreak\backend\node_modules\router\index.js:291:5)
    at loggerMiddleware (file:///F:/Programming/Projects/HabStreak/backend/Middlewares/logger.middleware.ts:19:5)
    at Layer.handleRequest (F:\Programming\Projects\HabStreak\backend\node_modules\router\lib\layer.js:152:17)
    at trimPrefix (F:\Programming\Projects\HabStreak\backend\node_modules\router\index.js:342:13)
    at F:\Programming\Projects\HabStreak\backend\node_modules\router\index.js:297:9
[2026-09-27 22:56:52] ERROR: Error: Invalid token.
    at authenticateUser (file:///F:/Programming/Projects/HabStreak/backend/Middlewares/auth.middlewares.ts:103:19)
    at Layer.handleRequest (F:\Programming\Projects\HabStreak\backend\node_modules\router\lib\layer.js:152:17)
    at trimPrefix (F:\Programming\Projects\HabStreak\backend\node_modules\router\index.js:342:13)
    at F:\Programming\Projects\HabStreak\backend\node_modules\router\index.js:297:9
    at processParams (F:\Programming\Projects\HabStreak\backend\node_modules\router\index.js:582:12)
    at next (F:\Programming\Projects\HabStreak\backend\node_modules\router\index.js:291:5)
    at loggerMiddleware (file:///F:/Programming/Projects/HabStreak/backend/Middlewares/logger.middleware.ts:19:5)
    at Layer.handleRequest (F:\Programming\Projects\HabStreak\backend\node_modules\router\lib\layer.js:152:17)
    at trimPrefix (F:\Programming\Projects\HabStreak\backend\node_modules\router\index.js:342:13)
    at F:\Programming\Projects\HabStreak\backend\node_modules\router\index.js:297:9
[2026-09-27 22:57:07] ERROR: Error: Invalid token.
    at authenticateUser (file:///F:/Programming/Projects/HabStreak/backend/Middlewares/auth.middlewares.ts:103:19)
    at Layer.handleRequest (F:\Programming\Projects\HabStreak\backend\node_modules\router\lib\layer.js:152:17)
    at trimPrefix (F:\Programming\Projects\HabStreak\backend\node_modules\router\index.js:342:13)
    at F:\Programming\Projects\HabStreak\backend\node_modules\router\index.js:297:9
    at processParams (F:\Programming\Projects\HabStreak\backend\node_modules\router\index.js:582:12)
    at next (F:\Programming\Projects\HabStreak\backend\node_modules\router\index.js:291:5)
    at loggerMiddleware (file:///F:/Programming/Projects/HabStreak/backend/Middlewares/logger.middleware.ts:19:5)
    at Layer.handleRequest (F:\Programming\Projects\HabStreak\backend\node_modules\router\lib\layer.js:152:17)
    at trimPrefix (F:\Programming\Projects\HabStreak\backend\node_modules\router\index.js:342:13)
    at F:\Programming\Projects\HabStreak\backend\node_modules\router\index.js:297:9
[2026-09-27 23:05:52] ERROR: Error: Invalid token.
    at authenticateUser (file:///F:/Programming/Projects/HabStreak/backend/Middlewares/auth.middlewares.ts:103:19)
    at Layer.handleRequest (F:\Programming\Projects\HabStreak\backend\node_modules\router\lib\layer.js:152:17)
    at trimPrefix (F:\Programming\Projects\HabStreak\backend\node_modules\router\index.js:342:13)
    at F:\Programming\Projects\HabStreak\backend\node_modules\router\index.js:297:9
    at processParams (F:\Programming\Projects\HabStreak\backend\node_modules\router\index.js:582:12)
    at next (F:\Programming\Projects\HabStreak\backend\node_modules\router\index.js:291:5)
    at loggerMiddleware (file:///F:/Programming/Projects/HabStreak/backend/Middlewares/logger.middleware.ts:19:5)
    at Layer.handleRequest (F:\Programming\Projects\HabStreak\backend\node_modules\router\lib\layer.js:152:17)
    at trimPrefix (F:\Programming\Projects\HabStreak\backend\node_modules\router\index.js:342:13)
    at F:\Programming\Projects\HabStreak\backend\node_modules\router\index.js:297:9
[2026-09-27 23:22:18] ERROR: Error: Invalid token.
    at authenticateUser (file:///F:/Programming/Projects/HabStreak/backend/Middlewares/auth.middlewares.ts:94:19)
    at Layer.handleRequest (F:\Programming\Projects\HabStreak\backend\node_modules\router\lib\layer.js:152:17)
    at trimPrefix (F:\Programming\Projects\HabStreak\backend\node_modules\router\index.js:342:13)
    at F:\Programming\Projects\HabStreak\backend\node_modules\router\index.js:297:9
    at processParams (F:\Programming\Projects\HabStreak\backend\node_modules\router\index.js:582:12)
    at next (F:\Programming\Projects\HabStreak\backend\node_modules\router\index.js:291:5)
    at loggerMiddleware (file:///F:/Programming/Projects/HabStreak/backend/Middlewares/logger.middleware.ts:19:5)
    at Layer.handleRequest (F:\Programming\Projects\HabStreak\backend\node_modules\router\lib\layer.js:152:17)
    at trimPrefix (F:\Programming\Projects\HabStreak\backend\node_modules\router\index.js:342:13)
    at F:\Programming\Projects\HabStreak\backend\node_modules\router\index.js:297:9
[2026-09-27 23:22:20] ERROR: Error: Invalid token.
    at authenticateUser (file:///F:/Programming/Projects/HabStreak/backend/Middlewares/auth.middlewares.ts:94:19)
    at Layer.handleRequest (F:\Programming\Projects\HabStreak\backend\node_modules\router\lib\layer.js:152:17)
    at trimPrefix (F:\Programming\Projects\HabStreak\backend\node_modules\router\index.js:342:13)
    at F:\Programming\Projects\HabStreak\backend\node_modules\router\index.js:297:9
    at processParams (F:\Programming\Projects\HabStreak\backend\node_modules\router\index.js:582:12)
    at next (F:\Programming\Projects\HabStreak\backend\node_modules\router\index.js:291:5)
    at loggerMiddleware (file:///F:/Programming/Projects/HabStreak/backend/Middlewares/logger.middleware.ts:19:5)
    at Layer.handleRequest (F:\Programming\Projects\HabStreak\backend\node_modules\router\lib\layer.js:152:17)
    at trimPrefix (F:\Programming\Projects\HabStreak\backend\node_modules\router\index.js:342:13)
    at F:\Programming\Projects\HabStreak\backend\node_modules\router\index.js:297:9
[2026-09-27 23:22:21] ERROR: Error: Invalid token.
    at authenticateUser (file:///F:/Programming/Projects/HabStreak/backend/Middlewares/auth.middlewares.ts:94:19)
    at Layer.handleRequest (F:\Programming\Projects\HabStreak\backend\node_modules\router\lib\layer.js:152:17)
    at trimPrefix (F:\Programming\Projects\HabStreak\backend\node_modules\router\index.js:342:13)
    at F:\Programming\Projects\HabStreak\backend\node_modules\router\index.js:297:9
    at processParams (F:\Programming\Projects\HabStreak\backend\node_modules\router\index.js:582:12)
    at next (F:\Programming\Projects\HabStreak\backend\node_modules\router\index.js:291:5)
    at loggerMiddleware (file:///F:/Programming/Projects/HabStreak/backend/Middlewares/logger.middleware.ts:19:5)
    at Layer.handleRequest (F:\Programming\Projects\HabStreak\backend\node_modules\router\lib\layer.js:152:17)
    at trimPrefix (F:\Programming\Projects\HabStreak\backend\node_modules\router\index.js:342:13)
    at F:\Programming\Projects\HabStreak\backend\node_modules\router\index.js:297:9
[2026-09-27 23:22:37] ERROR: Error: Invalid token.
    at authenticateUser (file:///F:/Programming/Projects/HabStreak/backend/Middlewares/auth.middlewares.ts:94:19)
    at Layer.handleRequest (F:\Programming\Projects\HabStreak\backend\node_modules\router\lib\layer.js:152:17)
    at trimPrefix (F:\Programming\Projects\HabStreak\backend\node_modules\router\index.js:342:13)
    at F:\Programming\Projects\HabStreak\backend\node_modules\router\index.js:297:9
    at processParams (F:\Programming\Projects\HabStreak\backend\node_modules\router\index.js:582:12)
    at next (F:\Programming\Projects\HabStreak\backend\node_modules\router\index.js:291:5)
    at loggerMiddleware (file:///F:/Programming/Projects/HabStreak/backend/Middlewares/logger.middleware.ts:19:5)
    at Layer.handleRequest (F:\Programming\Projects\HabStreak\backend\node_modules\router\lib\layer.js:152:17)
    at trimPrefix (F:\Programming\Projects\HabStreak\backend\node_modules\router\index.js:342:13)
    at F:\Programming\Projects\HabStreak\backend\node_modules\router\index.js:297:9
[2026-09-27 23:26:46] ERROR: Error: Invalid token.
    at authenticateUser (file:///F:/Programming/Projects/HabStreak/backend/Middlewares/auth.middlewares.ts:94:19)
    at Layer.handleRequest (F:\Programming\Projects\HabStreak\backend\node_modules\router\lib\layer.js:152:17)
    at trimPrefix (F:\Programming\Projects\HabStreak\backend\node_modules\router\index.js:342:13)
    at F:\Programming\Projects\HabStreak\backend\node_modules\router\index.js:297:9
    at processParams (F:\Programming\Projects\HabStreak\backend\node_modules\router\index.js:582:12)
    at next (F:\Programming\Projects\HabStreak\backend\node_modules\router\index.js:291:5)
    at loggerMiddleware (file:///F:/Programming/Projects/HabStreak/backend/Middlewares/logger.middleware.ts:19:5)
    at Layer.handleRequest (F:\Programming\Projects\HabStreak\backend\node_modules\router\lib\layer.js:152:17)
    at trimPrefix (F:\Programming\Projects\HabStreak\backend\node_modules\router\index.js:342:13)
    at F:\Programming\Projects\HabStreak\backend\node_modules\router\index.js:297:9
[2026-09-27 23:27:27] ERROR: Error: Invalid token.
    at authenticateUser (file:///F:/Programming/Projects/HabStreak/backend/Middlewares/auth.middlewares.ts:94:19)
    at Layer.handleRequest (F:\Programming\Projects\HabStreak\backend\node_modules\router\lib\layer.js:152:17)
    at trimPrefix (F:\Programming\Projects\HabStreak\backend\node_modules\router\index.js:342:13)
    at F:\Programming\Projects\HabStreak\backend\node_modules\router\index.js:297:9
    at processParams (F:\Programming\Projects\HabStreak\backend\node_modules\router\index.js:582:12)
    at next (F:\Programming\Projects\HabStreak\backend\node_modules\router\index.js:291:5)
    at loggerMiddleware (file:///F:/Programming/Projects/HabStreak/backend/Middlewares/logger.middleware.ts:19:5)
    at Layer.handleRequest (F:\Programming\Projects\HabStreak\backend\node_modules\router\lib\layer.js:152:17)
    at trimPrefix (F:\Programming\Projects\HabStreak\backend\node_modules\router\index.js:342:13)
    at F:\Programming\Projects\HabStreak\backend\node_modules\router\index.js:297:9
[2026-09-27 23:30:22] ERROR: Error: Invalid token.
    at authenticateUser (file:///F:/Programming/Projects/HabStreak/backend/Middlewares/auth.middlewares.ts:94:19)
    at Layer.handleRequest (F:\Programming\Projects\HabStreak\backend\node_modules\router\lib\layer.js:152:17)
    at trimPrefix (F:\Programming\Projects\HabStreak\backend\node_modules\router\index.js:342:13)
    at F:\Programming\Projects\HabStreak\backend\node_modules\router\index.js:297:9
    at processParams (F:\Programming\Projects\HabStreak\backend\node_modules\router\index.js:582:12)
    at next (F:\Programming\Projects\HabStreak\backend\node_modules\router\index.js:291:5)
    at loggerMiddleware (file:///F:/Programming/Projects/HabStreak/backend/Middlewares/logger.middleware.ts:19:5)
    at Layer.handleRequest (F:\Programming\Projects\HabStreak\backend\node_modules\router\lib\layer.js:152:17)
    at trimPrefix (F:\Programming\Projects\HabStreak\backend\node_modules\router\index.js:342:13)
    at F:\Programming\Projects\HabStreak\backend\node_modules\router\index.js:297:9
[2026-09-27 23:31:17] ERROR: Error: Invalid token.
    at authenticateUser (file:///F:/Programming/Projects/HabStreak/backend/Middlewares/auth.middlewares.ts:94:19)
    at Layer.handleRequest (F:\Programming\Projects\HabStreak\backend\node_modules\router\lib\layer.js:152:17)
    at next (F:\Programming\Projects\HabStreak\backend\node_modules\router\lib\route.js:157:13)
    at Route.dispatch (F:\Programming\Projects\HabStreak\backend\node_modules\router\lib\route.js:117:3)
    at handle (F:\Programming\Projects\HabStreak\backend\node_modules\router\index.js:435:11)
    at Layer.handleRequest (F:\Programming\Projects\HabStreak\backend\node_modules\router\lib\layer.js:152:17)
    at F:\Programming\Projects\HabStreak\backend\node_modules\router\index.js:295:15
    at processParams (F:\Programming\Projects\HabStreak\backend\node_modules\router\index.js:582:12)
    at next (F:\Programming\Projects\HabStreak\backend\node_modules\router\index.js:291:5)
    at router.handle (F:\Programming\Projects\HabStreak\backend\node_modules\router\index.js:186:3)
[2026-09-27 23:31:39] ERROR: Error: No token provided.
    at authenticateUser (file:///F:/Programming/Projects/HabStreak/backend/Middlewares/auth.middlewares.ts:35:15)
    at Layer.handleRequest (F:\Programming\Projects\HabStreak\backend\node_modules\router\lib\layer.js:152:17)
    at next (F:\Programming\Projects\HabStreak\backend\node_modules\router\lib\route.js:157:13)
    at Route.dispatch (F:\Programming\Projects\HabStreak\backend\node_modules\router\lib\route.js:117:3)
    at handle (F:\Programming\Projects\HabStreak\backend\node_modules\router\index.js:435:11)
    at Layer.handleRequest (F:\Programming\Projects\HabStreak\backend\node_modules\router\lib\layer.js:152:17)
    at F:\Programming\Projects\HabStreak\backend\node_modules\router\index.js:295:15
    at processParams (F:\Programming\Projects\HabStreak\backend\node_modules\router\index.js:582:12)
    at next (F:\Programming\Projects\HabStreak\backend\node_modules\router\index.js:291:5)
    at router.handle (F:\Programming\Projects\HabStreak\backend\node_modules\router\index.js:186:3)
[2026-09-27 23:31:39] ERROR: Error: Invalid or expired token
    at authenticateUser (file:///F:/Programming/Projects/HabStreak/backend/Middlewares/auth.middlewares.ts:98:15)
    at Layer.handleRequest (F:\Programming\Projects\HabStreak\backend\node_modules\router\lib\layer.js:152:17)
    at next (F:\Programming\Projects\HabStreak\backend\node_modules\router\lib\route.js:157:13)
    at Route.dispatch (F:\Programming\Projects\HabStreak\backend\node_modules\router\lib\route.js:117:3)
    at handle (F:\Programming\Projects\HabStreak\backend\node_modules\router\index.js:435:11)
    at Layer.handleRequest (F:\Programming\Projects\HabStreak\backend\node_modules\router\lib\layer.js:152:17)
    at F:\Programming\Projects\HabStreak\backend\node_modules\router\index.js:295:15
    at processParams (F:\Programming\Projects\HabStreak\backend\node_modules\router\index.js:582:12)
    at next (F:\Programming\Projects\HabStreak\backend\node_modules\router\index.js:291:5)
    at router.handle (F:\Programming\Projects\HabStreak\backend\node_modules\router\index.js:186:3)
[2026-09-27 23:31:40] ERROR: Error: No token provided.
    at authenticateUser (file:///F:/Programming/Projects/HabStreak/backend/Middlewares/auth.middlewares.ts:35:15)
    at Layer.handleRequest (F:\Programming\Projects\HabStreak\backend\node_modules\router\lib\layer.js:152:17)
    at next (F:\Programming\Projects\HabStreak\backend\node_modules\router\lib\route.js:157:13)
    at Route.dispatch (F:\Programming\Projects\HabStreak\backend\node_modules\router\lib\route.js:117:3)
    at handle (F:\Programming\Projects\HabStreak\backend\node_modules\router\index.js:435:11)
    at Layer.handleRequest (F:\Programming\Projects\HabStreak\backend\node_modules\router\lib\layer.js:152:17)
    at F:\Programming\Projects\HabStreak\backend\node_modules\router\index.js:295:15
    at processParams (F:\Programming\Projects\HabStreak\backend\node_modules\router\index.js:582:12)
    at next (F:\Programming\Projects\HabStreak\backend\node_modules\router\index.js:291:5)
    at router.handle (F:\Programming\Projects\HabStreak\backend\node_modules\router\index.js:186:3)
[2026-09-27 23:31:40] ERROR: Error: Invalid or expired token
    at authenticateUser (file:///F:/Programming/Projects/HabStreak/backend/Middlewares/auth.middlewares.ts:98:15)
    at Layer.handleRequest (F:\Programming\Projects\HabStreak\backend\node_modules\router\lib\layer.js:152:17)
    at next (F:\Programming\Projects\HabStreak\backend\node_modules\router\lib\route.js:157:13)
    at Route.dispatch (F:\Programming\Projects\HabStreak\backend\node_modules\router\lib\route.js:117:3)
    at handle (F:\Programming\Projects\HabStreak\backend\node_modules\router\index.js:435:11)
    at Layer.handleRequest (F:\Programming\Projects\HabStreak\backend\node_modules\router\lib\layer.js:152:17)
    at F:\Programming\Projects\HabStreak\backend\node_modules\router\index.js:295:15
    at processParams (F:\Programming\Projects\HabStreak\backend\node_modules\router\index.js:582:12)
    at next (F:\Programming\Projects\HabStreak\backend\node_modules\router\index.js:291:5)
    at router.handle (F:\Programming\Projects\HabStreak\backend\node_modules\router\index.js:186:3)
[2026-09-27 23:31:41] ERROR: Error: No token provided.
    at authenticateUser (file:///F:/Programming/Projects/HabStreak/backend/Middlewares/auth.middlewares.ts:35:15)
    at Layer.handleRequest (F:\Programming\Projects\HabStreak\backend\node_modules\router\lib\layer.js:152:17)
    at next (F:\Programming\Projects\HabStreak\backend\node_modules\router\lib\route.js:157:13)
    at Route.dispatch (F:\Programming\Projects\HabStreak\backend\node_modules\router\lib\route.js:117:3)
    at handle (F:\Programming\Projects\HabStreak\backend\node_modules\router\index.js:435:11)
    at Layer.handleRequest (F:\Programming\Projects\HabStreak\backend\node_modules\router\lib\layer.js:152:17)
    at F:\Programming\Projects\HabStreak\backend\node_modules\router\index.js:295:15
    at processParams (F:\Programming\Projects\HabStreak\backend\node_modules\router\index.js:582:12)
    at next (F:\Programming\Projects\HabStreak\backend\node_modules\router\index.js:291:5)
    at router.handle (F:\Programming\Projects\HabStreak\backend\node_modules\router\index.js:186:3)
[2026-09-27 23:31:41] ERROR: Error: Invalid or expired token
    at authenticateUser (file:///F:/Programming/Projects/HabStreak/backend/Middlewares/auth.middlewares.ts:98:15)
    at Layer.handleRequest (F:\Programming\Projects\HabStreak\backend\node_modules\router\lib\layer.js:152:17)
    at next (F:\Programming\Projects\HabStreak\backend\node_modules\router\lib\route.js:157:13)
    at Route.dispatch (F:\Programming\Projects\HabStreak\backend\node_modules\router\lib\route.js:117:3)
    at handle (F:\Programming\Projects\HabStreak\backend\node_modules\router\index.js:435:11)
    at Layer.handleRequest (F:\Programming\Projects\HabStreak\backend\node_modules\router\lib\layer.js:152:17)
    at F:\Programming\Projects\HabStreak\backend\node_modules\router\index.js:295:15
    at processParams (F:\Programming\Projects\HabStreak\backend\node_modules\router\index.js:582:12)
    at next (F:\Programming\Projects\HabStreak\backend\node_modules\router\index.js:291:5)
    at router.handle (F:\Programming\Projects\HabStreak\backend\node_modules\router\index.js:186:3)
[2026-09-27 23:31:43] ERROR: Error: No token provided.
    at authenticateUser (file:///F:/Programming/Projects/HabStreak/backend/Middlewares/auth.middlewares.ts:35:15)
    at Layer.handleRequest (F:\Programming\Projects\HabStreak\backend\node_modules\router\lib\layer.js:152:17)
    at next (F:\Programming\Projects\HabStreak\backend\node_modules\router\lib\route.js:157:13)
    at Route.dispatch (F:\Programming\Projects\HabStreak\backend\node_modules\router\lib\route.js:117:3)
    at handle (F:\Programming\Projects\HabStreak\backend\node_modules\router\index.js:435:11)
    at Layer.handleRequest (F:\Programming\Projects\HabStreak\backend\node_modules\router\lib\layer.js:152:17)
    at F:\Programming\Projects\HabStreak\backend\node_modules\router\index.js:295:15
    at processParams (F:\Programming\Projects\HabStreak\backend\node_modules\router\index.js:582:12)
    at next (F:\Programming\Projects\HabStreak\backend\node_modules\router\index.js:291:5)
    at router.handle (F:\Programming\Projects\HabStreak\backend\node_modules\router\index.js:186:3)
[2026-09-27 23:31:43] ERROR: Error: Invalid or expired token
    at authenticateUser (file:///F:/Programming/Projects/HabStreak/backend/Middlewares/auth.middlewares.ts:98:15)
    at Layer.handleRequest (F:\Programming\Projects\HabStreak\backend\node_modules\router\lib\layer.js:152:17)
    at next (F:\Programming\Projects\HabStreak\backend\node_modules\router\lib\route.js:157:13)
    at Route.dispatch (F:\Programming\Projects\HabStreak\backend\node_modules\router\lib\route.js:117:3)
    at handle (F:\Programming\Projects\HabStreak\backend\node_modules\router\index.js:435:11)
    at Layer.handleRequest (F:\Programming\Projects\HabStreak\backend\node_modules\router\lib\layer.js:152:17)
    at F:\Programming\Projects\HabStreak\backend\node_modules\router\index.js:295:15
    at processParams (F:\Programming\Projects\HabStreak\backend\node_modules\router\index.js:582:12)
    at next (F:\Programming\Projects\HabStreak\backend\node_modules\router\index.js:291:5)
    at router.handle (F:\Programming\Projects\HabStreak\backend\node_modules\router\index.js:186:3)
[2026-09-27 23:31:54] ERROR: Error: No token provided.
    at authenticateUser (file:///F:/Programming/Projects/HabStreak/backend/Middlewares/auth.middlewares.ts:35:15)
    at Layer.handleRequest (F:\Programming\Projects\HabStreak\backend\node_modules\router\lib\layer.js:152:17)
    at next (F:\Programming\Projects\HabStreak\backend\node_modules\router\lib\route.js:157:13)
    at Route.dispatch (F:\Programming\Projects\HabStreak\backend\node_modules\router\lib\route.js:117:3)
    at handle (F:\Programming\Projects\HabStreak\backend\node_modules\router\index.js:435:11)
    at Layer.handleRequest (F:\Programming\Projects\HabStreak\backend\node_modules\router\lib\layer.js:152:17)
    at F:\Programming\Projects\HabStreak\backend\node_modules\router\index.js:295:15
    at processParams (F:\Programming\Projects\HabStreak\backend\node_modules\router\index.js:582:12)
    at next (F:\Programming\Projects\HabStreak\backend\node_modules\router\index.js:291:5)
    at router.handle (F:\Programming\Projects\HabStreak\backend\node_modules\router\index.js:186:3)
[2026-09-27 23:31:54] ERROR: Error: Invalid or expired token
    at authenticateUser (file:///F:/Programming/Projects/HabStreak/backend/Middlewares/auth.middlewares.ts:98:15)
    at Layer.handleRequest (F:\Programming\Projects\HabStreak\backend\node_modules\router\lib\layer.js:152:17)
    at next (F:\Programming\Projects\HabStreak\backend\node_modules\router\lib\route.js:157:13)
    at Route.dispatch (F:\Programming\Projects\HabStreak\backend\node_modules\router\lib\route.js:117:3)
    at handle (F:\Programming\Projects\HabStreak\backend\node_modules\router\index.js:435:11)
    at Layer.handleRequest (F:\Programming\Projects\HabStreak\backend\node_modules\router\lib\layer.js:152:17)
    at F:\Programming\Projects\HabStreak\backend\node_modules\router\index.js:295:15
    at processParams (F:\Programming\Projects\HabStreak\backend\node_modules\router\index.js:582:12)
    at next (F:\Programming\Projects\HabStreak\backend\node_modules\router\index.js:291:5)
    at router.handle (F:\Programming\Projects\HabStreak\backend\node_modules\router\index.js:186:3)
[2026-09-27 23:31:54] ERROR: Error: No token provided.
    at authenticateUser (file:///F:/Programming/Projects/HabStreak/backend/Middlewares/auth.middlewares.ts:35:15)
    at Layer.handleRequest (F:\Programming\Projects\HabStreak\backend\node_modules\router\lib\layer.js:152:17)
    at next (F:\Programming\Projects\HabStreak\backend\node_modules\router\lib\route.js:157:13)
    at Route.dispatch (F:\Programming\Projects\HabStreak\backend\node_modules\router\lib\route.js:117:3)
    at handle (F:\Programming\Projects\HabStreak\backend\node_modules\router\index.js:435:11)
    at Layer.handleRequest (F:\Programming\Projects\HabStreak\backend\node_modules\router\lib\layer.js:152:17)
    at F:\Programming\Projects\HabStreak\backend\node_modules\router\index.js:295:15
    at processParams (F:\Programming\Projects\HabStreak\backend\node_modules\router\index.js:582:12)
    at next (F:\Programming\Projects\HabStreak\backend\node_modules\router\index.js:291:5)
    at router.handle (F:\Programming\Projects\HabStreak\backend\node_modules\router\index.js:186:3)
[2026-09-27 23:31:54] ERROR: Error: Invalid or expired token
    at authenticateUser (file:///F:/Programming/Projects/HabStreak/backend/Middlewares/auth.middlewares.ts:98:15)
    at Layer.handleRequest (F:\Programming\Projects\HabStreak\backend\node_modules\router\lib\layer.js:152:17)
    at next (F:\Programming\Projects\HabStreak\backend\node_modules\router\lib\route.js:157:13)
    at Route.dispatch (F:\Programming\Projects\HabStreak\backend\node_modules\router\lib\route.js:117:3)
    at handle (F:\Programming\Projects\HabStreak\backend\node_modules\router\index.js:435:11)
    at Layer.handleRequest (F:\Programming\Projects\HabStreak\backend\node_modules\router\lib\layer.js:152:17)
    at F:\Programming\Projects\HabStreak\backend\node_modules\router\index.js:295:15
    at processParams (F:\Programming\Projects\HabStreak\backend\node_modules\router\index.js:582:12)
    at next (F:\Programming\Projects\HabStreak\backend\node_modules\router\index.js:291:5)
    at router.handle (F:\Programming\Projects\HabStreak\backend\node_modules\router\index.js:186:3)
[2026-09-27 23:32:03] ERROR: Error: Invalid token.
    at authenticateUser (file:///F:/Programming/Projects/HabStreak/backend/Middlewares/auth.middlewares.ts:94:19)
    at Layer.handleRequest (F:\Programming\Projects\HabStreak\backend\node_modules\router\lib\layer.js:152:17)
    at next (F:\Programming\Projects\HabStreak\backend\node_modules\router\lib\route.js:157:13)
    at Route.dispatch (F:\Programming\Projects\HabStreak\backend\node_modules\router\lib\route.js:117:3)
    at handle (F:\Programming\Projects\HabStreak\backend\node_modules\router\index.js:435:11)
    at Layer.handleRequest (F:\Programming\Projects\HabStreak\backend\node_modules\router\lib\layer.js:152:17)
    at F:\Programming\Projects\HabStreak\backend\node_modules\router\index.js:295:15
    at processParams (F:\Programming\Projects\HabStreak\backend\node_modules\router\index.js:582:12)
    at next (F:\Programming\Projects\HabStreak\backend\node_modules\router\index.js:291:5)
    at router.handle (F:\Programming\Projects\HabStreak\backend\node_modules\router\index.js:186:3)
[2026-09-27 23:32:04] ERROR: Error: Invalid token.
    at authenticateUser (file:///F:/Programming/Projects/HabStreak/backend/Middlewares/auth.middlewares.ts:94:19)
    at Layer.handleRequest (F:\Programming\Projects\HabStreak\backend\node_modules\router\lib\layer.js:152:17)
    at next (F:\Programming\Projects\HabStreak\backend\node_modules\router\lib\route.js:157:13)
    at Route.dispatch (F:\Programming\Projects\HabStreak\backend\node_modules\router\lib\route.js:117:3)
    at handle (F:\Programming\Projects\HabStreak\backend\node_modules\router\index.js:435:11)
    at Layer.handleRequest (F:\Programming\Projects\HabStreak\backend\node_modules\router\lib\layer.js:152:17)
    at F:\Programming\Projects\HabStreak\backend\node_modules\router\index.js:295:15
    at processParams (F:\Programming\Projects\HabStreak\backend\node_modules\router\index.js:582:12)
    at next (F:\Programming\Projects\HabStreak\backend\node_modules\router\index.js:291:5)
    at router.handle (F:\Programming\Projects\HabStreak\backend\node_modules\router\index.js:186:3)
[2026-09-27 23:32:05] ERROR: Error: Invalid token.
    at authenticateUser (file:///F:/Programming/Projects/HabStreak/backend/Middlewares/auth.middlewares.ts:94:19)
    at Layer.handleRequest (F:\Programming\Projects\HabStreak\backend\node_modules\router\lib\layer.js:152:17)
    at next (F:\Programming\Projects\HabStreak\backend\node_modules\router\lib\route.js:157:13)
    at Route.dispatch (F:\Programming\Projects\HabStreak\backend\node_modules\router\lib\route.js:117:3)
    at handle (F:\Programming\Projects\HabStreak\backend\node_modules\router\index.js:435:11)
    at Layer.handleRequest (F:\Programming\Projects\HabStreak\backend\node_modules\router\lib\layer.js:152:17)
    at F:\Programming\Projects\HabStreak\backend\node_modules\router\index.js:295:15
    at processParams (F:\Programming\Projects\HabStreak\backend\node_modules\router\index.js:582:12)
    at next (F:\Programming\Projects\HabStreak\backend\node_modules\router\index.js:291:5)
    at router.handle (F:\Programming\Projects\HabStreak\backend\node_modules\router\index.js:186:3)
[2026-09-27 23:32:32] ERROR: Error: Invalid token.
    at authenticateUser (file:///F:/Programming/Projects/HabStreak/backend/Middlewares/auth.middlewares.ts:94:19)
    at Layer.handleRequest (F:\Programming\Projects\HabStreak\backend\node_modules\router\lib\layer.js:152:17)
    at next (F:\Programming\Projects\HabStreak\backend\node_modules\router\lib\route.js:157:13)
    at Route.dispatch (F:\Programming\Projects\HabStreak\backend\node_modules\router\lib\route.js:117:3)
    at handle (F:\Programming\Projects\HabStreak\backend\node_modules\router\index.js:435:11)
    at Layer.handleRequest (F:\Programming\Projects\HabStreak\backend\node_modules\router\lib\layer.js:152:17)
    at F:\Programming\Projects\HabStreak\backend\node_modules\router\index.js:295:15
    at processParams (F:\Programming\Projects\HabStreak\backend\node_modules\router\index.js:582:12)
    at next (F:\Programming\Projects\HabStreak\backend\node_modules\router\index.js:291:5)
    at router.handle (F:\Programming\Projects\HabStreak\backend\node_modules\router\index.js:186:3)
[2026-09-27 23:32:33] ERROR: Error: Invalid token.
    at authenticateUser (file:///F:/Programming/Projects/HabStreak/backend/Middlewares/auth.middlewares.ts:94:19)
    at Layer.handleRequest (F:\Programming\Projects\HabStreak\backend\node_modules\router\lib\layer.js:152:17)
    at next (F:\Programming\Projects\HabStreak\backend\node_modules\router\lib\route.js:157:13)
    at Route.dispatch (F:\Programming\Projects\HabStreak\backend\node_modules\router\lib\route.js:117:3)
    at handle (F:\Programming\Projects\HabStreak\backend\node_modules\router\index.js:435:11)
    at Layer.handleRequest (F:\Programming\Projects\HabStreak\backend\node_modules\router\lib\layer.js:152:17)
    at F:\Programming\Projects\HabStreak\backend\node_modules\router\index.js:295:15
    at processParams (F:\Programming\Projects\HabStreak\backend\node_modules\router\index.js:582:12)
    at next (F:\Programming\Projects\HabStreak\backend\node_modules\router\index.js:291:5)
    at router.handle (F:\Programming\Projects\HabStreak\backend\node_modules\router\index.js:186:3)
[2026-09-27 23:41:13] ERROR: Error: Email is already registered.
    at file:///F:/Programming/Projects/HabStreak/backend/Controllers/auth.controller.ts:33:15
[2026-09-27 23:42:42] ERROR: Error: Invalid token.
    at authenticateUser (file:///F:/Programming/Projects/HabStreak/backend/Middlewares/auth.middlewares.ts:94:19)
    at Layer.handleRequest (F:\Programming\Projects\HabStreak\backend\node_modules\router\lib\layer.js:152:17)
    at next (F:\Programming\Projects\HabStreak\backend\node_modules\router\lib\route.js:157:13)
    at Route.dispatch (F:\Programming\Projects\HabStreak\backend\node_modules\router\lib\route.js:117:3)
    at handle (F:\Programming\Projects\HabStreak\backend\node_modules\router\index.js:435:11)
    at Layer.handleRequest (F:\Programming\Projects\HabStreak\backend\node_modules\router\lib\layer.js:152:17)
    at F:\Programming\Projects\HabStreak\backend\node_modules\router\index.js:295:15
    at processParams (F:\Programming\Projects\HabStreak\backend\node_modules\router\index.js:582:12)
    at next (F:\Programming\Projects\HabStreak\backend\node_modules\router\index.js:291:5)
    at router.handle (F:\Programming\Projects\HabStreak\backend\node_modules\router\index.js:186:3)
[2026-09-27 23:42:43] ERROR: Error: Invalid token.
    at authenticateUser (file:///F:/Programming/Projects/HabStreak/backend/Middlewares/auth.middlewares.ts:94:19)
    at Layer.handleRequest (F:\Programming\Projects\HabStreak\backend\node_modules\router\lib\layer.js:152:17)
    at next (F:\Programming\Projects\HabStreak\backend\node_modules\router\lib\route.js:157:13)
    at Route.dispatch (F:\Programming\Projects\HabStreak\backend\node_modules\router\lib\route.js:117:3)
    at handle (F:\Programming\Projects\HabStreak\backend\node_modules\router\index.js:435:11)
    at Layer.handleRequest (F:\Programming\Projects\HabStreak\backend\node_modules\router\lib\layer.js:152:17)
    at F:\Programming\Projects\HabStreak\backend\node_modules\router\index.js:295:15
    at processParams (F:\Programming\Projects\HabStreak\backend\node_modules\router\index.js:582:12)
    at next (F:\Programming\Projects\HabStreak\backend\node_modules\router\index.js:291:5)
    at router.handle (F:\Programming\Projects\HabStreak\backend\node_modules\router\index.js:186:3)
[2026-09-27 23:42:44] ERROR: Error: Invalid token.
    at authenticateUser (file:///F:/Programming/Projects/HabStreak/backend/Middlewares/auth.middlewares.ts:94:19)
    at Layer.handleRequest (F:\Programming\Projects\HabStreak\backend\node_modules\router\lib\layer.js:152:17)
    at next (F:\Programming\Projects\HabStreak\backend\node_modules\router\lib\route.js:157:13)
    at Route.dispatch (F:\Programming\Projects\HabStreak\backend\node_modules\router\lib\route.js:117:3)
    at handle (F:\Programming\Projects\HabStreak\backend\node_modules\router\index.js:435:11)
    at Layer.handleRequest (F:\Programming\Projects\HabStreak\backend\node_modules\router\lib\layer.js:152:17)
    at F:\Programming\Projects\HabStreak\backend\node_modules\router\index.js:295:15
    at processParams (F:\Programming\Projects\HabStreak\backend\node_modules\router\index.js:582:12)
    at next (F:\Programming\Projects\HabStreak\backend\node_modules\router\index.js:291:5)
    at router.handle (F:\Programming\Projects\HabStreak\backend\node_modules\router\index.js:186:3)
[2026-09-27 23:42:45] ERROR: Error: Invalid token.
    at authenticateUser (file:///F:/Programming/Projects/HabStreak/backend/Middlewares/auth.middlewares.ts:94:19)
    at Layer.handleRequest (F:\Programming\Projects\HabStreak\backend\node_modules\router\lib\layer.js:152:17)
    at next (F:\Programming\Projects\HabStreak\backend\node_modules\router\lib\route.js:157:13)
    at Route.dispatch (F:\Programming\Projects\HabStreak\backend\node_modules\router\lib\route.js:117:3)
    at handle (F:\Programming\Projects\HabStreak\backend\node_modules\router\index.js:435:11)
    at Layer.handleRequest (F:\Programming\Projects\HabStreak\backend\node_modules\router\lib\layer.js:152:17)
    at F:\Programming\Projects\HabStreak\backend\node_modules\router\index.js:295:15
    at processParams (F:\Programming\Projects\HabStreak\backend\node_modules\router\index.js:582:12)
    at next (F:\Programming\Projects\HabStreak\backend\node_modules\router\index.js:291:5)
    at router.handle (F:\Programming\Projects\HabStreak\backend\node_modules\router\index.js:186:3)
[2026-09-27 23:42:45] ERROR: Error: Invalid token.
    at authenticateUser (file:///F:/Programming/Projects/HabStreak/backend/Middlewares/auth.middlewares.ts:94:19)
    at Layer.handleRequest (F:\Programming\Projects\HabStreak\backend\node_modules\router\lib\layer.js:152:17)
    at next (F:\Programming\Projects\HabStreak\backend\node_modules\router\lib\route.js:157:13)
    at Route.dispatch (F:\Programming\Projects\HabStreak\backend\node_modules\router\lib\route.js:117:3)
    at handle (F:\Programming\Projects\HabStreak\backend\node_modules\router\index.js:435:11)
    at Layer.handleRequest (F:\Programming\Projects\HabStreak\backend\node_modules\router\lib\layer.js:152:17)
    at F:\Programming\Projects\HabStreak\backend\node_modules\router\index.js:295:15
    at processParams (F:\Programming\Projects\HabStreak\backend\node_modules\router\index.js:582:12)
    at next (F:\Programming\Projects\HabStreak\backend\node_modules\router\index.js:291:5)
    at router.handle (F:\Programming\Projects\HabStreak\backend\node_modules\router\index.js:186:3)
[2026-09-27 23:43:07] ERROR: Error: Invalid token.
    at authenticateUser (file:///F:/Programming/Projects/HabStreak/backend/Middlewares/auth.middlewares.ts:94:19)
    at Layer.handleRequest (F:\Programming\Projects\HabStreak\backend\node_modules\router\lib\layer.js:152:17)
    at next (F:\Programming\Projects\HabStreak\backend\node_modules\router\lib\route.js:157:13)
    at Route.dispatch (F:\Programming\Projects\HabStreak\backend\node_modules\router\lib\route.js:117:3)
    at handle (F:\Programming\Projects\HabStreak\backend\node_modules\router\index.js:435:11)
    at Layer.handleRequest (F:\Programming\Projects\HabStreak\backend\node_modules\router\lib\layer.js:152:17)
    at F:\Programming\Projects\HabStreak\backend\node_modules\router\index.js:295:15
    at processParams (F:\Programming\Projects\HabStreak\backend\node_modules\router\index.js:582:12)
    at next (F:\Programming\Projects\HabStreak\backend\node_modules\router\index.js:291:5)
    at router.handle (F:\Programming\Projects\HabStreak\backend\node_modules\router\index.js:186:3)
[2026-09-27 23:44:12] ERROR: Error: Email is already registered.
    at file:///F:/Programming/Projects/HabStreak/backend/Controllers/auth.controller.ts:33:15
[2026-09-27 23:45:13] ERROR: Error: Invalid token.
    at authenticateUser (file:///F:/Programming/Projects/HabStreak/backend/Middlewares/auth.middlewares.ts:94:19)
    at Layer.handleRequest (F:\Programming\Projects\HabStreak\backend\node_modules\router\lib\layer.js:152:17)
    at next (F:\Programming\Projects\HabStreak\backend\node_modules\router\lib\route.js:157:13)
    at Route.dispatch (F:\Programming\Projects\HabStreak\backend\node_modules\router\lib\route.js:117:3)
    at handle (F:\Programming\Projects\HabStreak\backend\node_modules\router\index.js:435:11)
    at Layer.handleRequest (F:\Programming\Projects\HabStreak\backend\node_modules\router\lib\layer.js:152:17)
    at F:\Programming\Projects\HabStreak\backend\node_modules\router\index.js:295:15
    at processParams (F:\Programming\Projects\HabStreak\backend\node_modules\router\index.js:582:12)
    at next (F:\Programming\Projects\HabStreak\backend\node_modules\router\index.js:291:5)
    at router.handle (F:\Programming\Projects\HabStreak\backend\node_modules\router\index.js:186:3)
[2026-09-27 23:45:14] ERROR: Error: Invalid token.
    at authenticateUser (file:///F:/Programming/Projects/HabStreak/backend/Middlewares/auth.middlewares.ts:94:19)
    at Layer.handleRequest (F:\Programming\Projects\HabStreak\backend\node_modules\router\lib\layer.js:152:17)
    at next (F:\Programming\Projects\HabStreak\backend\node_modules\router\lib\route.js:157:13)
    at Route.dispatch (F:\Programming\Projects\HabStreak\backend\node_modules\router\lib\route.js:117:3)
    at handle (F:\Programming\Projects\HabStreak\backend\node_modules\router\index.js:435:11)
    at Layer.handleRequest (F:\Programming\Projects\HabStreak\backend\node_modules\router\lib\layer.js:152:17)
    at F:\Programming\Projects\HabStreak\backend\node_modules\router\index.js:295:15
    at processParams (F:\Programming\Projects\HabStreak\backend\node_modules\router\index.js:582:12)
    at next (F:\Programming\Projects\HabStreak\backend\node_modules\router\index.js:291:5)
    at router.handle (F:\Programming\Projects\HabStreak\backend\node_modules\router\index.js:186:3)
[2026-09-27 23:45:52] ERROR: Error: Invalid token.
    at authenticateUser (file:///F:/Programming/Projects/HabStreak/backend/Middlewares/auth.middlewares.ts:94:19)
    at Layer.handleRequest (F:\Programming\Projects\HabStreak\backend\node_modules\router\lib\layer.js:152:17)
    at trimPrefix (F:\Programming\Projects\HabStreak\backend\node_modules\router\index.js:342:13)
    at F:\Programming\Projects\HabStreak\backend\node_modules\router\index.js:297:9
    at processParams (F:\Programming\Projects\HabStreak\backend\node_modules\router\index.js:582:12)
    at next (F:\Programming\Projects\HabStreak\backend\node_modules\router\index.js:291:5)
    at loggerMiddleware (file:///F:/Programming/Projects/HabStreak/backend/Middlewares/logger.middleware.ts:19:5)
    at Layer.handleRequest (F:\Programming\Projects\HabStreak\backend\node_modules\router\lib\layer.js:152:17)
    at trimPrefix (F:\Programming\Projects\HabStreak\backend\node_modules\router\index.js:342:13)
    at F:\Programming\Projects\HabStreak\backend\node_modules\router\index.js:297:9
[2026-09-27 23:46:00] ERROR: Error: Invalid token.
    at authenticateUser (file:///F:/Programming/Projects/HabStreak/backend/Middlewares/auth.middlewares.ts:94:19)
    at Layer.handleRequest (F:\Programming\Projects\HabStreak\backend\node_modules\router\lib\layer.js:152:17)
    at trimPrefix (F:\Programming\Projects\HabStreak\backend\node_modules\router\index.js:342:13)
    at F:\Programming\Projects\HabStreak\backend\node_modules\router\index.js:297:9
    at processParams (F:\Programming\Projects\HabStreak\backend\node_modules\router\index.js:582:12)
    at next (F:\Programming\Projects\HabStreak\backend\node_modules\router\index.js:291:5)
    at loggerMiddleware (file:///F:/Programming/Projects/HabStreak/backend/Middlewares/logger.middleware.ts:19:5)
    at Layer.handleRequest (F:\Programming\Projects\HabStreak\backend\node_modules\router\lib\layer.js:152:17)
    at trimPrefix (F:\Programming\Projects\HabStreak\backend\node_modules\router\index.js:342:13)
    at F:\Programming\Projects\HabStreak\backend\node_modules\router\index.js:297:9
[2026-09-27 23:46:02] ERROR: Error: Invalid token.
    at authenticateUser (file:///F:/Programming/Projects/HabStreak/backend/Middlewares/auth.middlewares.ts:94:19)
    at Layer.handleRequest (F:\Programming\Projects\HabStreak\backend\node_modules\router\lib\layer.js:152:17)
    at trimPrefix (F:\Programming\Projects\HabStreak\backend\node_modules\router\index.js:342:13)
    at F:\Programming\Projects\HabStreak\backend\node_modules\router\index.js:297:9
    at processParams (F:\Programming\Projects\HabStreak\backend\node_modules\router\index.js:582:12)
    at next (F:\Programming\Projects\HabStreak\backend\node_modules\router\index.js:291:5)
    at loggerMiddleware (file:///F:/Programming/Projects/HabStreak/backend/Middlewares/logger.middleware.ts:19:5)
    at Layer.handleRequest (F:\Programming\Projects\HabStreak\backend\node_modules\router\lib\layer.js:152:17)
    at trimPrefix (F:\Programming\Projects\HabStreak\backend\node_modules\router\index.js:342:13)
    at F:\Programming\Projects\HabStreak\backend\node_modules\router\index.js:297:9
[2026-09-27 23:46:02] ERROR: Error: Invalid token.
    at authenticateUser (file:///F:/Programming/Projects/HabStreak/backend/Middlewares/auth.middlewares.ts:94:19)
    at Layer.handleRequest (F:\Programming\Projects\HabStreak\backend\node_modules\router\lib\layer.js:152:17)
    at trimPrefix (F:\Programming\Projects\HabStreak\backend\node_modules\router\index.js:342:13)
    at F:\Programming\Projects\HabStreak\backend\node_modules\router\index.js:297:9
    at processParams (F:\Programming\Projects\HabStreak\backend\node_modules\router\index.js:582:12)
    at next (F:\Programming\Projects\HabStreak\backend\node_modules\router\index.js:291:5)
    at loggerMiddleware (file:///F:/Programming/Projects/HabStreak/backend/Middlewares/logger.middleware.ts:19:5)
    at Layer.handleRequest (F:\Programming\Projects\HabStreak\backend\node_modules\router\lib\layer.js:152:17)
    at trimPrefix (F:\Programming\Projects\HabStreak\backend\node_modules\router\index.js:342:13)
    at F:\Programming\Projects\HabStreak\backend\node_modules\router\index.js:297:9
[2026-09-27 23:46:03] ERROR: Error: Invalid token.
    at authenticateUser (file:///F:/Programming/Projects/HabStreak/backend/Middlewares/auth.middlewares.ts:94:19)
    at Layer.handleRequest (F:\Programming\Projects\HabStreak\backend\node_modules\router\lib\layer.js:152:17)
    at trimPrefix (F:\Programming\Projects\HabStreak\backend\node_modules\router\index.js:342:13)
    at F:\Programming\Projects\HabStreak\backend\node_modules\router\index.js:297:9
    at processParams (F:\Programming\Projects\HabStreak\backend\node_modules\router\index.js:582:12)
    at next (F:\Programming\Projects\HabStreak\backend\node_modules\router\index.js:291:5)
    at loggerMiddleware (file:///F:/Programming/Projects/HabStreak/backend/Middlewares/logger.middleware.ts:19:5)
    at Layer.handleRequest (F:\Programming\Projects\HabStreak\backend\node_modules\router\lib\layer.js:152:17)
    at trimPrefix (F:\Programming\Projects\HabStreak\backend\node_modules\router\index.js:342:13)
    at F:\Programming\Projects\HabStreak\backend\node_modules\router\index.js:297:9
[2026-09-27 23:46:04] ERROR: Error: Invalid token.
    at authenticateUser (file:///F:/Programming/Projects/HabStreak/backend/Middlewares/auth.middlewares.ts:94:19)
    at Layer.handleRequest (F:\Programming\Projects\HabStreak\backend\node_modules\router\lib\layer.js:152:17)
    at trimPrefix (F:\Programming\Projects\HabStreak\backend\node_modules\router\index.js:342:13)
    at F:\Programming\Projects\HabStreak\backend\node_modules\router\index.js:297:9
    at processParams (F:\Programming\Projects\HabStreak\backend\node_modules\router\index.js:582:12)
    at next (F:\Programming\Projects\HabStreak\backend\node_modules\router\index.js:291:5)
    at loggerMiddleware (file:///F:/Programming/Projects/HabStreak/backend/Middlewares/logger.middleware.ts:19:5)
    at Layer.handleRequest (F:\Programming\Projects\HabStreak\backend\node_modules\router\lib\layer.js:152:17)
    at trimPrefix (F:\Programming\Projects\HabStreak\backend\node_modules\router\index.js:342:13)
    at F:\Programming\Projects\HabStreak\backend\node_modules\router\index.js:297:9
[2026-09-27 23:46:05] ERROR: Error: Invalid token.
    at authenticateUser (file:///F:/Programming/Projects/HabStreak/backend/Middlewares/auth.middlewares.ts:94:19)
    at Layer.handleRequest (F:\Programming\Projects\HabStreak\backend\node_modules\router\lib\layer.js:152:17)
    at trimPrefix (F:\Programming\Projects\HabStreak\backend\node_modules\router\index.js:342:13)
    at F:\Programming\Projects\HabStreak\backend\node_modules\router\index.js:297:9
    at processParams (F:\Programming\Projects\HabStreak\backend\node_modules\router\index.js:582:12)
    at next (F:\Programming\Projects\HabStreak\backend\node_modules\router\index.js:291:5)
    at loggerMiddleware (file:///F:/Programming/Projects/HabStreak/backend/Middlewares/logger.middleware.ts:19:5)
    at Layer.handleRequest (F:\Programming\Projects\HabStreak\backend\node_modules\router\lib\layer.js:152:17)
    at trimPrefix (F:\Programming\Projects\HabStreak\backend\node_modules\router\index.js:342:13)
    at F:\Programming\Projects\HabStreak\backend\node_modules\router\index.js:297:9
[2026-09-27 23:46:05] ERROR: Error: Invalid token.
    at authenticateUser (file:///F:/Programming/Projects/HabStreak/backend/Middlewares/auth.middlewares.ts:94:19)
    at Layer.handleRequest (F:\Programming\Projects\HabStreak\backend\node_modules\router\lib\layer.js:152:17)
    at trimPrefix (F:\Programming\Projects\HabStreak\backend\node_modules\router\index.js:342:13)
    at F:\Programming\Projects\HabStreak\backend\node_modules\router\index.js:297:9
    at processParams (F:\Programming\Projects\HabStreak\backend\node_modules\router\index.js:582:12)
    at next (F:\Programming\Projects\HabStreak\backend\node_modules\router\index.js:291:5)
    at loggerMiddleware (file:///F:/Programming/Projects/HabStreak/backend/Middlewares/logger.middleware.ts:19:5)
    at Layer.handleRequest (F:\Programming\Projects\HabStreak\backend\node_modules\router\lib\layer.js:152:17)
    at trimPrefix (F:\Programming\Projects\HabStreak\backend\node_modules\router\index.js:342:13)
    at F:\Programming\Projects\HabStreak\backend\node_modules\router\index.js:297:9
[2026-09-27 23:46:06] ERROR: Error: Invalid token.
    at authenticateUser (file:///F:/Programming/Projects/HabStreak/backend/Middlewares/auth.middlewares.ts:94:19)
    at Layer.handleRequest (F:\Programming\Projects\HabStreak\backend\node_modules\router\lib\layer.js:152:17)
    at trimPrefix (F:\Programming\Projects\HabStreak\backend\node_modules\router\index.js:342:13)
    at F:\Programming\Projects\HabStreak\backend\node_modules\router\index.js:297:9
    at processParams (F:\Programming\Projects\HabStreak\backend\node_modules\router\index.js:582:12)
    at next (F:\Programming\Projects\HabStreak\backend\node_modules\router\index.js:291:5)
    at loggerMiddleware (file:///F:/Programming/Projects/HabStreak/backend/Middlewares/logger.middleware.ts:19:5)
    at Layer.handleRequest (F:\Programming\Projects\HabStreak\backend\node_modules\router\lib\layer.js:152:17)
    at trimPrefix (F:\Programming\Projects\HabStreak\backend\node_modules\router\index.js:342:13)
    at F:\Programming\Projects\HabStreak\backend\node_modules\router\index.js:297:9
[2026-09-27 23:46:06] ERROR: Error: Invalid token.
    at authenticateUser (file:///F:/Programming/Projects/HabStreak/backend/Middlewares/auth.middlewares.ts:94:19)
    at Layer.handleRequest (F:\Programming\Projects\HabStreak\backend\node_modules\router\lib\layer.js:152:17)
    at trimPrefix (F:\Programming\Projects\HabStreak\backend\node_modules\router\index.js:342:13)
    at F:\Programming\Projects\HabStreak\backend\node_modules\router\index.js:297:9
    at processParams (F:\Programming\Projects\HabStreak\backend\node_modules\router\index.js:582:12)
    at next (F:\Programming\Projects\HabStreak\backend\node_modules\router\index.js:291:5)
    at loggerMiddleware (file:///F:/Programming/Projects/HabStreak/backend/Middlewares/logger.middleware.ts:19:5)
    at Layer.handleRequest (F:\Programming\Projects\HabStreak\backend\node_modules\router\lib\layer.js:152:17)
    at trimPrefix (F:\Programming\Projects\HabStreak\backend\node_modules\router\index.js:342:13)
    at F:\Programming\Projects\HabStreak\backend\node_modules\router\index.js:297:9
[2026-09-27 23:46:07] ERROR: Error: Invalid token.
    at authenticateUser (file:///F:/Programming/Projects/HabStreak/backend/Middlewares/auth.middlewares.ts:94:19)
    at Layer.handleRequest (F:\Programming\Projects\HabStreak\backend\node_modules\router\lib\layer.js:152:17)
    at trimPrefix (F:\Programming\Projects\HabStreak\backend\node_modules\router\index.js:342:13)
    at F:\Programming\Projects\HabStreak\backend\node_modules\router\index.js:297:9
    at processParams (F:\Programming\Projects\HabStreak\backend\node_modules\router\index.js:582:12)
    at next (F:\Programming\Projects\HabStreak\backend\node_modules\router\index.js:291:5)
    at loggerMiddleware (file:///F:/Programming/Projects/HabStreak/backend/Middlewares/logger.middleware.ts:19:5)
    at Layer.handleRequest (F:\Programming\Projects\HabStreak\backend\node_modules\router\lib\layer.js:152:17)
    at trimPrefix (F:\Programming\Projects\HabStreak\backend\node_modules\router\index.js:342:13)
    at F:\Programming\Projects\HabStreak\backend\node_modules\router\index.js:297:9
[2026-09-27 23:46:07] ERROR: Error: Invalid token.
    at authenticateUser (file:///F:/Programming/Projects/HabStreak/backend/Middlewares/auth.middlewares.ts:94:19)
    at Layer.handleRequest (F:\Programming\Projects\HabStreak\backend\node_modules\router\lib\layer.js:152:17)
    at trimPrefix (F:\Programming\Projects\HabStreak\backend\node_modules\router\index.js:342:13)
    at F:\Programming\Projects\HabStreak\backend\node_modules\router\index.js:297:9
    at processParams (F:\Programming\Projects\HabStreak\backend\node_modules\router\index.js:582:12)
    at next (F:\Programming\Projects\HabStreak\backend\node_modules\router\index.js:291:5)
    at loggerMiddleware (file:///F:/Programming/Projects/HabStreak/backend/Middlewares/logger.middleware.ts:19:5)
    at Layer.handleRequest (F:\Programming\Projects\HabStreak\backend\node_modules\router\lib\layer.js:152:17)
    at trimPrefix (F:\Programming\Projects\HabStreak\backend\node_modules\router\index.js:342:13)
    at F:\Programming\Projects\HabStreak\backend\node_modules\router\index.js:297:9
[2026-09-27 23:46:08] ERROR: Error: Invalid token.
    at authenticateUser (file:///F:/Programming/Projects/HabStreak/backend/Middlewares/auth.middlewares.ts:94:19)
    at Layer.handleRequest (F:\Programming\Projects\HabStreak\backend\node_modules\router\lib\layer.js:152:17)
    at trimPrefix (F:\Programming\Projects\HabStreak\backend\node_modules\router\index.js:342:13)
    at F:\Programming\Projects\HabStreak\backend\node_modules\router\index.js:297:9
    at processParams (F:\Programming\Projects\HabStreak\backend\node_modules\router\index.js:582:12)
    at next (F:\Programming\Projects\HabStreak\backend\node_modules\router\index.js:291:5)
    at loggerMiddleware (file:///F:/Programming/Projects/HabStreak/backend/Middlewares/logger.middleware.ts:19:5)
    at Layer.handleRequest (F:\Programming\Projects\HabStreak\backend\node_modules\router\lib\layer.js:152:17)
    at trimPrefix (F:\Programming\Projects\HabStreak\backend\node_modules\router\index.js:342:13)
    at F:\Programming\Projects\HabStreak\backend\node_modules\router\index.js:297:9
[2026-09-27 23:46:08] ERROR: Error: Invalid token.
    at authenticateUser (file:///F:/Programming/Projects/HabStreak/backend/Middlewares/auth.middlewares.ts:94:19)
    at Layer.handleRequest (F:\Programming\Projects\HabStreak\backend\node_modules\router\lib\layer.js:152:17)
    at trimPrefix (F:\Programming\Projects\HabStreak\backend\node_modules\router\index.js:342:13)
    at F:\Programming\Projects\HabStreak\backend\node_modules\router\index.js:297:9
    at processParams (F:\Programming\Projects\HabStreak\backend\node_modules\router\index.js:582:12)
    at next (F:\Programming\Projects\HabStreak\backend\node_modules\router\index.js:291:5)
    at loggerMiddleware (file:///F:/Programming/Projects/HabStreak/backend/Middlewares/logger.middleware.ts:19:5)
    at Layer.handleRequest (F:\Programming\Projects\HabStreak\backend\node_modules\router\lib\layer.js:152:17)
    at trimPrefix (F:\Programming\Projects\HabStreak\backend\node_modules\router\index.js:342:13)
    at F:\Programming\Projects\HabStreak\backend\node_modules\router\index.js:297:9
[2026-09-27 23:46:08] ERROR: Error: Invalid token.
    at authenticateUser (file:///F:/Programming/Projects/HabStreak/backend/Middlewares/auth.middlewares.ts:94:19)
    at Layer.handleRequest (F:\Programming\Projects\HabStreak\backend\node_modules\router\lib\layer.js:152:17)
    at trimPrefix (F:\Programming\Projects\HabStreak\backend\node_modules\router\index.js:342:13)
    at F:\Programming\Projects\HabStreak\backend\node_modules\router\index.js:297:9
    at processParams (F:\Programming\Projects\HabStreak\backend\node_modules\router\index.js:582:12)
    at next (F:\Programming\Projects\HabStreak\backend\node_modules\router\index.js:291:5)
    at loggerMiddleware (file:///F:/Programming/Projects/HabStreak/backend/Middlewares/logger.middleware.ts:19:5)
    at Layer.handleRequest (F:\Programming\Projects\HabStreak\backend\node_modules\router\lib\layer.js:152:17)
    at trimPrefix (F:\Programming\Projects\HabStreak\backend\node_modules\router\index.js:342:13)
    at F:\Programming\Projects\HabStreak\backend\node_modules\router\index.js:297:9
[2026-09-27 23:46:08] ERROR: Error: Invalid token.
    at authenticateUser (file:///F:/Programming/Projects/HabStreak/backend/Middlewares/auth.middlewares.ts:94:19)
    at Layer.handleRequest (F:\Programming\Projects\HabStreak\backend\node_modules\router\lib\layer.js:152:17)
    at trimPrefix (F:\Programming\Projects\HabStreak\backend\node_modules\router\index.js:342:13)
    at F:\Programming\Projects\HabStreak\backend\node_modules\router\index.js:297:9
    at processParams (F:\Programming\Projects\HabStreak\backend\node_modules\router\index.js:582:12)
    at next (F:\Programming\Projects\HabStreak\backend\node_modules\router\index.js:291:5)
    at loggerMiddleware (file:///F:/Programming/Projects/HabStreak/backend/Middlewares/logger.middleware.ts:19:5)
    at Layer.handleRequest (F:\Programming\Projects\HabStreak\backend\node_modules\router\lib\layer.js:152:17)
    at trimPrefix (F:\Programming\Projects\HabStreak\backend\node_modules\router\index.js:342:13)
    at F:\Programming\Projects\HabStreak\backend\node_modules\router\index.js:297:9
[2026-09-27 23:46:09] ERROR: Error: Invalid token.
    at authenticateUser (file:///F:/Programming/Projects/HabStreak/backend/Middlewares/auth.middlewares.ts:94:19)
    at Layer.handleRequest (F:\Programming\Projects\HabStreak\backend\node_modules\router\lib\layer.js:152:17)
    at trimPrefix (F:\Programming\Projects\HabStreak\backend\node_modules\router\index.js:342:13)
    at F:\Programming\Projects\HabStreak\backend\node_modules\router\index.js:297:9
    at processParams (F:\Programming\Projects\HabStreak\backend\node_modules\router\index.js:582:12)
    at next (F:\Programming\Projects\HabStreak\backend\node_modules\router\index.js:291:5)
    at loggerMiddleware (file:///F:/Programming/Projects/HabStreak/backend/Middlewares/logger.middleware.ts:19:5)
    at Layer.handleRequest (F:\Programming\Projects\HabStreak\backend\node_modules\router\lib\layer.js:152:17)
    at trimPrefix (F:\Programming\Projects\HabStreak\backend\node_modules\router\index.js:342:13)
    at F:\Programming\Projects\HabStreak\backend\node_modules\router\index.js:297:9
[2026-09-27 23:46:09] ERROR: Error: Invalid token.
    at authenticateUser (file:///F:/Programming/Projects/HabStreak/backend/Middlewares/auth.middlewares.ts:94:19)
    at Layer.handleRequest (F:\Programming\Projects\HabStreak\backend\node_modules\router\lib\layer.js:152:17)
    at trimPrefix (F:\Programming\Projects\HabStreak\backend\node_modules\router\index.js:342:13)
    at F:\Programming\Projects\HabStreak\backend\node_modules\router\index.js:297:9
    at processParams (F:\Programming\Projects\HabStreak\backend\node_modules\router\index.js:582:12)
    at next (F:\Programming\Projects\HabStreak\backend\node_modules\router\index.js:291:5)
    at loggerMiddleware (file:///F:/Programming/Projects/HabStreak/backend/Middlewares/logger.middleware.ts:19:5)
    at Layer.handleRequest (F:\Programming\Projects\HabStreak\backend\node_modules\router\lib\layer.js:152:17)
    at trimPrefix (F:\Programming\Projects\HabStreak\backend\node_modules\router\index.js:342:13)
    at F:\Programming\Projects\HabStreak\backend\node_modules\router\index.js:297:9
[2026-09-27 23:46:09] ERROR: Error: Invalid token.
    at authenticateUser (file:///F:/Programming/Projects/HabStreak/backend/Middlewares/auth.middlewares.ts:94:19)
    at Layer.handleRequest (F:\Programming\Projects\HabStreak\backend\node_modules\router\lib\layer.js:152:17)
    at trimPrefix (F:\Programming\Projects\HabStreak\backend\node_modules\router\index.js:342:13)
    at F:\Programming\Projects\HabStreak\backend\node_modules\router\index.js:297:9
    at processParams (F:\Programming\Projects\HabStreak\backend\node_modules\router\index.js:582:12)
    at next (F:\Programming\Projects\HabStreak\backend\node_modules\router\index.js:291:5)
    at loggerMiddleware (file:///F:/Programming/Projects/HabStreak/backend/Middlewares/logger.middleware.ts:19:5)
    at Layer.handleRequest (F:\Programming\Projects\HabStreak\backend\node_modules\router\lib\layer.js:152:17)
    at trimPrefix (F:\Programming\Projects\HabStreak\backend\node_modules\router\index.js:342:13)
    at F:\Programming\Projects\HabStreak\backend\node_modules\router\index.js:297:9
[2026-09-27 23:46:09] ERROR: Error: Invalid token.
    at authenticateUser (file:///F:/Programming/Projects/HabStreak/backend/Middlewares/auth.middlewares.ts:94:19)
    at Layer.handleRequest (F:\Programming\Projects\HabStreak\backend\node_modules\router\lib\layer.js:152:17)
    at trimPrefix (F:\Programming\Projects\HabStreak\backend\node_modules\router\index.js:342:13)
    at F:\Programming\Projects\HabStreak\backend\node_modules\router\index.js:297:9
    at processParams (F:\Programming\Projects\HabStreak\backend\node_modules\router\index.js:582:12)
    at next (F:\Programming\Projects\HabStreak\backend\node_modules\router\index.js:291:5)
    at loggerMiddleware (file:///F:/Programming/Projects/HabStreak/backend/Middlewares/logger.middleware.ts:19:5)
    at Layer.handleRequest (F:\Programming\Projects\HabStreak\backend\node_modules\router\lib\layer.js:152:17)
    at trimPrefix (F:\Programming\Projects\HabStreak\backend\node_modules\router\index.js:342:13)
    at F:\Programming\Projects\HabStreak\backend\node_modules\router\index.js:297:9
[2026-09-27 23:46:10] ERROR: Error: Invalid token.
    at authenticateUser (file:///F:/Programming/Projects/HabStreak/backend/Middlewares/auth.middlewares.ts:94:19)
    at Layer.handleRequest (F:\Programming\Projects\HabStreak\backend\node_modules\router\lib\layer.js:152:17)
    at trimPrefix (F:\Programming\Projects\HabStreak\backend\node_modules\router\index.js:342:13)
    at F:\Programming\Projects\HabStreak\backend\node_modules\router\index.js:297:9
    at processParams (F:\Programming\Projects\HabStreak\backend\node_modules\router\index.js:582:12)
    at next (F:\Programming\Projects\HabStreak\backend\node_modules\router\index.js:291:5)
    at loggerMiddleware (file:///F:/Programming/Projects/HabStreak/backend/Middlewares/logger.middleware.ts:19:5)
    at Layer.handleRequest (F:\Programming\Projects\HabStreak\backend\node_modules\router\lib\layer.js:152:17)
    at trimPrefix (F:\Programming\Projects\HabStreak\backend\node_modules\router\index.js:342:13)
    at F:\Programming\Projects\HabStreak\backend\node_modules\router\index.js:297:9
[2026-09-27 23:46:10] ERROR: Error: Invalid token.
    at authenticateUser (file:///F:/Programming/Projects/HabStreak/backend/Middlewares/auth.middlewares.ts:94:19)
    at Layer.handleRequest (F:\Programming\Projects\HabStreak\backend\node_modules\router\lib\layer.js:152:17)
    at trimPrefix (F:\Programming\Projects\HabStreak\backend\node_modules\router\index.js:342:13)
    at F:\Programming\Projects\HabStreak\backend\node_modules\router\index.js:297:9
    at processParams (F:\Programming\Projects\HabStreak\backend\node_modules\router\index.js:582:12)
    at next (F:\Programming\Projects\HabStreak\backend\node_modules\router\index.js:291:5)
    at loggerMiddleware (file:///F:/Programming/Projects/HabStreak/backend/Middlewares/logger.middleware.ts:19:5)
    at Layer.handleRequest (F:\Programming\Projects\HabStreak\backend\node_modules\router\lib\layer.js:152:17)
    at trimPrefix (F:\Programming\Projects\HabStreak\backend\node_modules\router\index.js:342:13)
    at F:\Programming\Projects\HabStreak\backend\node_modules\router\index.js:297:9
[2026-10-02 17:12:21] ERROR: Error: Refresh token is missing or invalid.
    at file:///F:/Programming/Projects/HabStreak/backend/Controllers/auth.controller.ts:199:13
    at file:///F:/Programming/Projects/HabStreak/backend/utils/AsyncHandler.ts:3:104
    at Layer.handleRequest (F:\Programming\Projects\HabStreak\backend\node_modules\router\lib\layer.js:152:17)
    at next (F:\Programming\Projects\HabStreak\backend\node_modules\router\lib\route.js:157:13)
    at file:///F:/Programming/Projects/HabStreak/backend/node_modules/express-rate-limit/dist/index.mjs:1015:7
    at processTicksAndRejections (node:internal/process/task_queues:104:5)
    at async file:///F:/Programming/Projects/HabStreak/backend/node_modules/express-rate-limit/dist/index.mjs:835:5
[2026-10-04 20:21:23] ERROR: Error: Email is already registered.
    at file:///F:/Programming/Projects/HabStreak/backend/Controllers/auth.controller.ts:47:13
[2026-10-04 21:58:43] ERROR: Error: Invalid or expired refresh token.
    at file:///F:/Programming/Projects/HabStreak/backend/Controllers/auth.controller.ts:202:13
    at file:///F:/Programming/Projects/HabStreak/backend/utils/AsyncHandler.ts:3:104
    at Layer.handleRequest (F:\Programming\Projects\HabStreak\backend\node_modules\router\lib\layer.js:152:17)
    at next (F:\Programming\Projects\HabStreak\backend\node_modules\router\lib\route.js:157:13)
    at file:///F:/Programming/Projects/HabStreak/backend/node_modules/express-rate-limit/dist/index.mjs:1015:7
    at processTicksAndRejections (node:internal/process/task_queues:104:5)
    at async file:///F:/Programming/Projects/HabStreak/backend/node_modules/express-rate-limit/dist/index.mjs:835:5
[2026-10-04 21:58:46] ERROR: Error: Refresh token is missing or invalid.
    at file:///F:/Programming/Projects/HabStreak/backend/Controllers/auth.controller.ts:193:13
    at file:///F:/Programming/Projects/HabStreak/backend/utils/AsyncHandler.ts:3:104
    at Layer.handleRequest (F:\Programming\Projects\HabStreak\backend\node_modules\router\lib\layer.js:152:17)
    at next (F:\Programming\Projects\HabStreak\backend\node_modules\router\lib\route.js:157:13)
    at file:///F:/Programming/Projects/HabStreak/backend/node_modules/express-rate-limit/dist/index.mjs:1015:7
    at processTicksAndRejections (node:internal/process/task_queues:104:5)
    at async file:///F:/Programming/Projects/HabStreak/backend/node_modules/express-rate-limit/dist/index.mjs:835:5
[2026-10-04 22:01:04] ERROR: Error: Please verify your email first.
    at file:///F:/Programming/Projects/HabStreak/backend/Controllers/auth.controller.ts:128:15
[2026-10-04 22:01:09] ERROR: Error: Please verify your email first.
    at file:///F:/Programming/Projects/HabStreak/backend/Controllers/auth.controller.ts:128:15
[2026-10-04 22:02:47] ERROR: Error: Please verify your email first.
    at file:///F:/Programming/Projects/HabStreak/backend/Controllers/auth.controller.ts:128:15
[2026-10-04 22:03:14] ERROR: Error: Refresh token is missing or invalid.
    at file:///F:/Programming/Projects/HabStreak/backend/Controllers/auth.controller.ts:193:13
    at file:///F:/Programming/Projects/HabStreak/backend/utils/AsyncHandler.ts:3:104
    at Layer.handleRequest (F:\Programming\Projects\HabStreak\backend\node_modules\router\lib\layer.js:152:17)
    at next (F:\Programming\Projects\HabStreak\backend\node_modules\router\lib\route.js:157:13)
    at file:///F:/Programming/Projects/HabStreak/backend/node_modules/express-rate-limit/dist/index.mjs:1015:7
    at processTicksAndRejections (node:internal/process/task_queues:104:5)
    at async file:///F:/Programming/Projects/HabStreak/backend/node_modules/express-rate-limit/dist/index.mjs:835:5
[2026-10-04 22:14:08] ERROR: Error: Refresh token is missing or invalid.
    at file:///F:/Programming/Projects/HabStreak/backend/Controllers/auth.controller.ts:193:13
    at file:///F:/Programming/Projects/HabStreak/backend/utils/AsyncHandler.ts:3:104
    at Layer.handleRequest (F:\Programming\Projects\HabStreak\backend\node_modules\router\lib\layer.js:152:17)
    at next (F:\Programming\Projects\HabStreak\backend\node_modules\router\lib\route.js:157:13)
    at file:///F:/Programming/Projects/HabStreak/backend/node_modules/express-rate-limit/dist/index.mjs:1015:7
    at processTicksAndRejections (node:internal/process/task_queues:104:5)
    at async file:///F:/Programming/Projects/HabStreak/backend/node_modules/express-rate-limit/dist/index.mjs:835:5
[2026-10-04 22:15:47] ERROR: Error: Refresh token is missing or invalid.
    at file:///F:/Programming/Projects/HabStreak/backend/Controllers/auth.controller.ts:193:13
    at file:///F:/Programming/Projects/HabStreak/backend/utils/AsyncHandler.ts:3:104
    at Layer.handleRequest (F:\Programming\Projects\HabStreak\backend\node_modules\router\lib\layer.js:152:17)
    at next (F:\Programming\Projects\HabStreak\backend\node_modules\router\lib\route.js:157:13)
    at file:///F:/Programming/Projects/HabStreak/backend/node_modules/express-rate-limit/dist/index.mjs:1015:7
    at processTicksAndRejections (node:internal/process/task_queues:104:5)
    at async file:///F:/Programming/Projects/HabStreak/backend/node_modules/express-rate-limit/dist/index.mjs:835:5
